0.png,0.403336261737
1.png,-0.400751359371
2.png,1.95562550697
3.png,-0.713536996012
4.png,-0.166779980965
5.png,0.0997364533701
6.png,0.188732969737
7.png,-0.57741461982
8.png,0.286274657191
9.png,0.241251416398
10.png,-1.89883497194
11.png,1.08136452843
12.png,0.0209004579722
13.png,-1.05631114471
14.png,0.596410725394
15.png,0.62428117832
16.png,0.00881057261883
17.png,-0.740563620004
18.png,-0.175501772889
19.png,0.038509972995
20.png,-1.28885780755
21.png,-0.253096910979
22.png,0.0213223979089
23.png,-0.152798146444
24.png,1.81081159862
25.png,0.18293585834
26.png,-0.0322307915488
27.png,0.652480063498
28.png,-0.590605510819
29.png,-0.295832120289
30.png,0.00881057261883
31.png,0.00881057261883
32.png,-0.0432253286905
33.png,-0.248386049381
34.png,0.20090151462
35.png,-0.412436009835
36.png,0.570188167879
37.png,0.349317576136
38.png,0.562676789098
39.png,0.00881057261883
40.png,-0.212298104301
41.png,0.0886028388097
42.png,1.05261116861
43.png,0.614256863024
44.png,-0.0804753768084
45.png,-0.0883200155064
46.png,0.00881057261883
47.png,-0.0761706426825
48.png,0.00881057261883
49.png,-0.25266094137
50.png,0.00881057261883
51.png,-1.4684398832
52.png,0.18357664414
53.png,-0.0783637203533
54.png,0.35181519411
55.png,-0.0213479574519
56.png,-0.0581937508082
57.png,-0.0460059695529
58.png,-0.661719639338
59.png,-0.0453228217137
60.png,-0.0569852777244
61.png,0.0833749964388
62.png,-0.237647538103
63.png,0.00881057261883
64.png,-0.256356507119
65.png,0.242334786284
66.png,0.605613774942
67.png,-0.719504261064
68.png,-0.194611161879
69.png,0.00881057261883
70.png,0.945162906884
71.png,-0.276498590274
72.png,0.167464013096
73.png,0.892666195842
74.png,-0.88656131153
75.png,0.00881057261883
76.png,0.00881057261883
77.png,-0.84598370356
78.png,-0.603548799594
79.png,0.34560592826
80.png,-1.32179164561
81.png,-1.92178850586
82.png,-0.381671465985
83.png,0.438579528486
84.png,0.248854622409
85.png,-1.14098935165
86.png,0.72437605047
87.png,0.921318050041
88.png,0.973016254999
89.png,-0.490888401748
90.png,-0.990083683359
91.png,-0.429125122519
92.png,-0.582287075011
93.png,0.106223089327
94.png,0.0138086838298
95.png,0.761966136453
96.png,1.59799485024
97.png,-0.0908765734657
98.png,1.04659513128
99.png,0.370951500245
100.png,0.360466813118
101.png,2.06284424164
102.png,0.00881057261883
103.png,-0.112344119951
104.png,0.00881057261883
105.png,-0.0180570737795
106.png,0.00881057261883
107.png,-0.0306710708453
108.png,0.488809342533
109.png,1.1474106129
110.png,0.180656344274
111.png,-0.0939875346856
112.png,0.0527489453831
113.png,0.00881057261883
114.png,0.533305662383
115.png,0.00881057261883
116.png,0.0253359688975
117.png,0.00881057261883
118.png,-0.507520218871
119.png,0.474132409516
120.png,0.0678227682497
121.png,-0.960689339105
122.png,0.0912815760497
123.png,0.665479326613
124.png,1.28045622035
125.png,-0.021757738949
126.png,0.0346858825097
127.png,-0.514792001963
128.png,0.407457763668
129.png,-0.0922595385725
130.png,0.740146844649
131.png,-1.78434205462
132.png,0.546049887308
133.png,-0.988209594912
134.png,-0.0864665013105
135.png,-0.771467333101
136.png,-0.315448206881
137.png,0.0620870973708
138.png,0.211976658527
139.png,-1.1290398491
140.png,-0.492875398691
141.png,1.63222112013
142.png,1.17417784231
143.png,0.0705777005838
144.png,-0.296588727929
145.png,-0.303592586059
146.png,0.00881057261883
147.png,0.00881057261883
148.png,-0.1491043019
149.png,-0.0694299898836
150.png,-0.196583678551
151.png,-0.372618983844
152.png,1.91895312645
153.png,0.00881057261883
154.png,0.313683410989
155.png,0.169653632619
156.png,1.52566114841
157.png,1.45328609848
158.png,0.229125161431
159.png,-0.0864970469055
160.png,-0.23051865341
161.png,-0.174141234774
162.png,0.181618517212
163.png,-0.0560200058362
164.png,0.00881057261883
165.png,0.327759124094
166.png,0.592745698526
167.png,0.219446198611
168.png,0.188521020394
169.png,0.00881057261883
170.png,0.810049108366
171.png,0.635876209695
172.png,-0.142806030091
173.png,-1.21302479708
174.png,0.0520680990197
175.png,1.60885005507
176.png,1.84874942993
177.png,0.00881057261883
178.png,0.33178975532
179.png,-0.428633199671
180.png,0.0963906016506
181.png,0.16085428167
182.png,-0.249704580583
183.png,-0.0719944998089
184.png,-1.21891732246
185.png,1.56509607764
186.png,1.43658802104
187.png,0.784546775671
188.png,1.87268794702
189.png,0.00881057261883
190.png,-1.93050688641
191.png,1.02711859279
192.png,-0.250744391293
193.png,1.7403910064
194.png,0.981837698603
195.png,0.100202450093
196.png,0.186818818001
197.png,0.0950636487826
198.png,0.417900906388
199.png,-0.512822155747
200.png,-1.67961430122
201.png,0.630746098085
202.png,-0.275840583544
203.png,0.00881057261883
204.png,0.252861289237
205.png,0.00881057261883
206.png,-0.218154803162
207.png,-0.0468268974986
208.png,0.00881057261883
209.png,0.00881057261883
210.png,0.70010181949
211.png,-1.50331633692
212.png,0.034824079572
213.png,-0.603458976252
214.png,0.00881057261883
215.png,0.18429897544
216.png,-1.80980333452
217.png,0.621617860159
218.png,0.0104495719422
219.png,1.40668928706
220.png,-0.241705535153
221.png,-0.110223651532
222.png,0.64061635921
223.png,0.00881057261883
224.png,2.38370255326
225.png,-0.103330898774
226.png,0.129352491087
227.png,0.580696964377
228.png,1.44424018769
229.png,0.099734773104
230.png,0.0976379520458
231.png,-1.90580791019
232.png,0.328473027623
233.png,0.104585566431
234.png,-1.04850180903
235.png,1.40101291957
236.png,1.95552140536
237.png,-0.210923871882
238.png,-0.204011466756
239.png,-0.0796202828109
240.png,-2.74097175371
241.png,0.0461629430382
242.png,0.00881057261883
243.png,-1.05631114471
244.png,0.312633395763
245.png,1.63900351201
246.png,-1.0888159801
247.png,0.107308868739
248.png,0.0788484628083
249.png,-0.227742486504
250.png,0.0541296257447
251.png,-0.23340915074
252.png,0.0513261473912
253.png,-0.289188209891
254.png,0.12539985546
255.png,0.0104742528563
256.png,0.696204478204
257.png,-0.160389756506
258.png,-0.213791855951
259.png,0.403292977001
260.png,-1.36029611779
261.png,0.355593466536
262.png,0.542910610432
263.png,0.228510480964
264.png,0.00881057261883
265.png,-0.434594532464
266.png,-0.0164621706411
267.png,0.228948483674
268.png,-1.07782168996
269.png,0.936631783048
270.png,-0.830630224273
271.png,0.35418394096
272.png,0.611903009865
273.png,-1.7104039284
274.png,0.488160398765
275.png,0.232116903167
276.png,0.666244897743
277.png,0.00881057261883
278.png,0.488160398765
279.png,-0.643472146961
280.png,0.00881057261883
281.png,2.63432961466
282.png,2.32613586037
283.png,0.519851975727
284.png,0.00881057261883
285.png,0.482896326524
286.png,-0.279694721482
287.png,-0.194204658248
288.png,-0.392392614259
289.png,-0.624488569005
290.png,-0.514725226729
291.png,-1.03933246923
292.png,0.289826943907
293.png,-0.838831480568
294.png,0.00881057261883
295.png,-0.160824780687
296.png,0.0335373394421
297.png,-0.0144893442316
298.png,-1.71954534516
299.png,0.616425828767
300.png,-0.386432964589
301.png,1.52202121623
302.png,2.26374007232
303.png,1.09633155183
304.png,-0.758874815941
305.png,0.210936899749
306.png,0.633803689469
307.png,-2.72170097024
308.png,-0.570125684042
309.png,0.57585067118
310.png,0.362921105109
311.png,-0.414308540723
312.png,-2.09833673734
313.png,-0.365500943124
314.png,-0.436982471207
315.png,-1.60199690641
316.png,0.931469231911
317.png,1.51338876481
318.png,0.00881057261883
319.png,0.66157012286
320.png,-0.869382545001
321.png,-1.28870825888
322.png,0.136271937656
323.png,0.109150346201
324.png,-0.0346016706094
325.png,1.35422869403
326.png,0.00881057261883
327.png,-0.436946534066
328.png,-2.85231673711
329.png,1.52886635018
330.png,-2.49572709126
331.png,-0.535919679041
332.png,1.62883561339
333.png,-2.01717604856
334.png,-0.479466628691
335.png,-2.46451423064
336.png,0.427633646021
337.png,-1.38164154674
338.png,0.0337069636211
339.png,-0.160626983748
340.png,1.04931247012
341.png,2.07845625509
342.png,1.25572292617
343.png,-0.164645482592
344.png,0.941275188248
345.png,0.548358142398
346.png,-0.654717529771
347.png,1.57500174069
348.png,1.90431033948
349.png,1.25084421411
350.png,-1.99873163961
351.png,0.00881057261883
352.png,-1.52775695308
353.png,0.0755014605153
354.png,-1.03801313165
355.png,-1.00887237439
356.png,-0.394246393709
357.png,1.40191004553
358.png,-0.940692594743
359.png,1.13221873461
360.png,-0.212617072068
361.png,0.313194842964
362.png,-0.31307176189
363.png,1.90665345073
364.png,-1.60893765069
365.png,1.73821069854
366.png,-1.50507122426
367.png,0.00881057261883
368.png,-0.371787242689
369.png,0.00881057261883
370.png,0.262613238775
371.png,1.45080564905
372.png,0.00881057261883
373.png,0.438572292624
374.png,0.00881057261883
375.png,0.137071416843
376.png,0.849424729101
377.png,0.00881057261883
378.png,-2.74312262382
379.png,0.00881057261883
380.png,-0.0858012659689
381.png,0.0798853163493
382.png,1.06199341054
383.png,0.00881057261883
384.png,0.326496499858
385.png,0.887243607408
386.png,-0.173343909666
387.png,0.810215451246
388.png,-1.25295632767
389.png,0.758739507893
390.png,1.40819348893
391.png,0.758622576684
392.png,-0.4834001042
393.png,-0.446654933515
394.png,3.00295746699
395.png,0.54090227543
396.png,-0.507393431157
397.png,0.847219357314
398.png,-0.520530950604
399.png,0.767132996396
400.png,0.277143719434
401.png,0.725860346263
402.png,-0.185743227936
403.png,-1.92865114473e-05
404.png,-1.29519254911
405.png,0.00881057261883
406.png,0.122740142736
407.png,0.0131998420093
408.png,0.932841653178
409.png,0.145957464185
410.png,0.973113139341
411.png,0.576161433238
412.png,-1.38776611751
413.png,0.542354010131
414.png,0.373598408367
415.png,0.502633645682
416.png,0.649846003011
417.png,1.11405366384
418.png,-1.10723326293
419.png,-0.652330860687
420.png,0.163980610765
421.png,0.33882043696
422.png,0.374697710222
423.png,0.57174788761
424.png,0.325518752386
425.png,0.391860716677
426.png,0.519997213577
427.png,0.370443453728
428.png,0.334212478344
429.png,0.413117737976
430.png,0.592475888496
431.png,-0.060373025345
432.png,0.75803632647
433.png,-0.104791117928
434.png,-0.58492005536
435.png,0.174141026949
436.png,0.396951940589
437.png,0.0704628781221
438.png,-0.379292560006
439.png,1.22433965644
440.png,0.00881057261883
441.png,-0.744004556299
442.png,0.00881057261883
443.png,0.671450005073
444.png,2.09430076884
445.png,1.59002846877
446.png,-0.0815372683716
447.png,-0.795949469664
448.png,-0.574103598026
449.png,-0.642757382107
450.png,0.00881057261883
451.png,1.67851019792
452.png,-0.933754570637
453.png,-0.641025214673
454.png,-1.06547662185
455.png,-0.16092851321
456.png,0.496354440327
457.png,0.965763545238
458.png,-0.825160798295
459.png,0.0189229756571
460.png,0.291599789122
461.png,0.00881057261883
462.png,0.304638617863
463.png,-1.41946624481
464.png,0.331048425644
465.png,0.00881057261883
466.png,0.00881057261883
467.png,-0.146879844602
468.png,-0.149817024068
469.png,-0.771282498528
470.png,0.495668679039
471.png,0.00881057261883
472.png,0.946164070064
473.png,-2.80444153672
474.png,0.474869356832
475.png,0.650681595012
476.png,0.543735333526
477.png,0.41837136962
478.png,0.608182398498
479.png,0.356407469035
480.png,-0.0554920207661
481.png,-0.929778353333
482.png,-1.86591617507
483.png,1.05228771252
484.png,-0.34296368569
485.png,0.487686973463
486.png,0.715203531672
487.png,0.563200421681
488.png,0.554743460242
489.png,0.146228065193
490.png,0.00881057261883
491.png,1.0545219638
492.png,0.00881057261883
493.png,0.00881057261883
494.png,0.00881057261883
495.png,0.387750867739
496.png,0.00881057261883
497.png,0.518958012047
498.png,0.362465724131
499.png,0.00881057261883
500.png,0.00881057261883
501.png,-0.328840023193
502.png,-0.360081648232
503.png,0.0770431777172
504.png,0.0566582631109
505.png,-0.309776154995
506.png,-0.428782735857
507.png,-1.38950894361
508.png,0.527216161211
509.png,0.47609472454
510.png,-0.67698117635
511.png,-0.383059816836
512.png,-0.147387501261
513.png,0.00881057261883
514.png,0.0936816436006
515.png,0.622651118883
516.png,1.38600518616
517.png,-0.0638052341014
518.png,0.00881057261883
519.png,0.781611463369
520.png,0.314475473941
521.png,0.323960786691
522.png,0.141251718416
523.png,0.648024962309
524.png,0.368126607332
525.png,1.72865732495
526.png,-0.100673393312
527.png,0.970182756285
528.png,-0.121262763104
529.png,0.786439120051
530.png,2.22467794624
531.png,-0.577402618551
532.png,0.00881057261883
533.png,0.617923148716
534.png,1.10300282746
535.png,0.953411191394
536.png,-0.361210185438
537.png,1.06572806636
538.png,-0.711629504891
539.png,-0.753032239053
540.png,-0.819790173251
541.png,-0.108995569203
542.png,1.57165923393
543.png,0.509659151206
544.png,0.396059332198
545.png,0.399089934779
546.png,0.089327997198
547.png,0.0736467654364
548.png,0.332328905244
549.png,-0.358515387915
550.png,0.353855374565
551.png,0.251383633284
552.png,0.00881057261883
553.png,0.0315170360744
554.png,0.18375771229
555.png,0.773338254297
556.png,0.00577129294687
557.png,-0.0895594834233
558.png,0.475742113334
559.png,-0.547021473705
560.png,0.833329855136
561.png,-2.64239732608
562.png,0.588881076742
563.png,0.479170572702
564.png,0.490448773657
565.png,0.246317833179
566.png,0.348923330345
567.png,0.42449250178
568.png,0.484908066125
569.png,0.357050495172
570.png,0.538091992722
571.png,-0.692240768473
572.png,0.0273081775551
573.png,0.406126705647
574.png,0.273455026595
575.png,0.949610231591
576.png,0.367326267978
577.png,-1.32013150983
578.png,-0.885518972575
579.png,-1.01210332924
580.png,-0.145418154829
581.png,0.198442897778
582.png,0.316003725906
583.png,-0.00243486623224
584.png,0.00881057261883
585.png,0.00881057261883
586.png,0.360073265397
587.png,0.442811721815
588.png,0.00881057261883
589.png,0.00881057261883
590.png,-0.172225831395
591.png,0.12002575327
592.png,0.372005304749
593.png,0.23572701234
594.png,0.437231791671
595.png,0.648923568747
596.png,0.48905049882
597.png,0.00881057261883
598.png,0.00881057261883
599.png,0.00881057261883
600.png,1.34508904086
601.png,0.308681617425
602.png,0.084385746664
603.png,0.294536740608
604.png,0.198059997753
605.png,0.226886033337
606.png,-0.632686598526
607.png,0.814826338831
608.png,0.217985926238
609.png,0.328353631802
610.png,0.212566137453
611.png,0.592058488141
612.png,0.203391958249
613.png,0.230486171919
614.png,-1.32110586244
615.png,-1.00448383887
616.png,-0.130104336627
617.png,-0.975114110342
618.png,0.111150991263
619.png,-0.293139324158
620.png,0.371893696401
621.png,0.152868826557
622.png,-0.614101908317
623.png,-0.196233181523
624.png,-0.443573424806
625.png,-1.05950103578
626.png,-0.325747683241
627.png,-1.0873506678
628.png,-0.048888414835
629.png,-0.187443292435
630.png,-0.977457895007
631.png,1.17430987348
632.png,-0.00701227253204
633.png,0.424215440688
634.png,-0.33700059653
635.png,-1.02861814552
636.png,-1.35954411812
637.png,0.00881057261883
638.png,0.7661458403
639.png,-0.138940827452
640.png,-0.345831810248
641.png,-0.14141962418
642.png,0.00881057261883
643.png,0.0431177132784
644.png,-0.345566140975
645.png,0.0588260389717
646.png,0.00881057261883
647.png,2.87283103161
648.png,-0.295704166843
649.png,0.293140587856
650.png,0.100195706369
651.png,0.00881057261883
652.png,0.00881057261883
653.png,0.619710572261
654.png,-0.269069966009
655.png,-1.44910717641
656.png,0.467643264187
657.png,0.164470404693
658.png,0.100548481987
659.png,-0.0678697056974
660.png,0.00881057261883
662.png,0.103826101497
663.png,-0.239940310658
664.png,0.27615033196
665.png,0.408649540203
666.png,0.557917040116
667.png,0.0539168836778
668.png,0.143691322845
669.png,0.00881057261883
670.png,0.220130635134
671.png,0.224524391659
672.png,0.00881057261883
673.png,0.332405414819
674.png,2.1419549084
675.png,-0.117838330641
676.png,-1.67877478273
677.png,-0.0455450328364
678.png,0.00881057261883
679.png,0.0543690064487
680.png,0.00881057261883
681.png,-1.07656843344
682.png,-1.63340064429
683.png,-0.940746537787
684.png,-0.472684845332
685.png,0.00881057261883
686.png,-0.314307597339
687.png,1.19972435935
688.png,0.464555293779
689.png,-2.62321985777
690.png,0.178190507164
691.png,-0.131374663553
692.png,0.00881057261883
693.png,-0.286031497535
694.png,0.00881057261883
695.png,0.0221492947419
696.png,0.00881057261883
697.png,0.00881057261883
698.png,0.46907088377
699.png,-1.56169375661
700.png,0.00881057261883
701.png,0.0599181461483
702.png,0.161039386887
703.png,0.906610797421
704.png,2.10496510271
705.png,0.00881057261883
706.png,0.36986685229
707.png,0.591897026302
708.png,0.0586662414274
709.png,-1.17690278712
710.png,0.163361269075
711.png,-1.92858522951
712.png,-0.672011350336
713.png,0.195336343326
714.png,-0.0829930561712
715.png,-0.64963232983
716.png,0.942963082727
717.png,-0.144732765849
718.png,-0.0852987313721
719.png,-0.0864970469055
720.png,0.112653367002
721.png,0.473106746351
722.png,0.293269415602
723.png,0.0213872127063
724.png,0.281980792766
725.png,-0.172504244735
726.png,-0.320318683192
727.png,0.0744620230864
728.png,-1.29646252451
729.png,0.00881057261883
730.png,-0.971078012582
731.png,-3.68053280442
732.png,2.56917362227
733.png,0.00881057261883
734.png,-1.60172850489
735.png,-0.0143584189814
736.png,-0.0271214853645
737.png,0.618623152813
738.png,-0.0176211448273
739.png,0.00881057261883
740.png,-0.0281518438434
741.png,0.911815032307
742.png,0.00881057261883
743.png,-0.225117536562
744.png,1.18237232674
745.png,-0.300802367388
746.png,-0.401848838832
747.png,-0.575556746946
748.png,0.90836364468
749.png,0.45029502697
750.png,0.00881057261883
751.png,-0.103330898774
752.png,0.369507317692
753.png,-0.0543512817784
754.png,0.295507294916
755.png,0.00881057261883
756.png,0.174750422689
757.png,0.00881057261883
758.png,-0.313816290242
759.png,0.00881057261883
760.png,0.731868205061
761.png,-0.299404016911
762.png,0.626654040195
763.png,-0.40050518
764.png,-1.88553489176
765.png,0.00881057261883
766.png,0.309213337513
767.png,-0.283128649828
768.png,0.625244930343
769.png,0.00881057261883
770.png,1.39964802503
771.png,0.00881057261883
772.png,-0.225356241493
773.png,-1.08096205962
774.png,-1.5406667526
775.png,-1.50358951201
776.png,0.396888992281
777.png,-0.491319039486
778.png,-0.335267611684
779.png,-0.0269571296771
780.png,0.393342076832
781.png,0.380284691581
782.png,0.00881057261883
783.png,-0.85267193254
784.png,0.0100391468958
785.png,1.85110864779
786.png,0.104809261623
787.png,-1.75857856772
788.png,0.156521355439
789.png,0.420287607864
790.png,0.00881057261883
791.png,0.00881057261883
792.png,-1.16764088693
793.png,-1.51826940561
794.png,-0.20732095196
795.png,1.16116691483
796.png,-0.0233614126233
797.png,0.00881057261883
798.png,0.357491410425
799.png,0.69086009501
800.png,-0.525471466648
801.png,1.09969298892
802.png,-1.48087917956
803.png,0.245619101613
804.png,-1.7083527239
805.png,0.942315413515
806.png,0.0182020096406
807.png,0.343486832955
808.png,-0.123276348446
809.png,0.0261932255316
810.png,0.494637620537
811.png,-0.000372651206696
812.png,0.282740093226
813.png,0.266734415001
814.png,0.188732969737
815.png,0.722820419608
816.png,0.308632895821
817.png,-0.210203743984
818.png,0.551510833175
819.png,-0.0329169477633
820.png,-0.0571593431514
821.png,-1.69207374355
822.png,-0.318951471587
823.png,0.00881057261883
824.png,-0.901927859488
825.png,-1.37851226125
826.png,-0.0610488508584
827.png,-1.16772338314
828.png,-1.76475948213
829.png,0.00881057261883
830.png,0.941741453377
831.png,0.894339026088
832.png,0.00881057261883
833.png,1.40212293933
834.png,-1.01721533939
835.png,0.00881057261883
836.png,0.00881057261883
837.png,0.620338356579
838.png,-0.858201042171
839.png,0.553504722933
840.png,0.167844949085
841.png,0.00881057261883
842.png,0.0971242294594
843.png,0.104611203014
844.png,0.0486779955131
845.png,0.0803129966636
846.png,0.166528512649
847.png,-0.111973302182
848.png,-0.244959012667
849.png,0.00881057261883
850.png,0.0255877551398
851.png,0.442310935248
852.png,0.00881057261883
853.png,0.613853789114
854.png,-0.337217910309
855.png,-0.138538781562
856.png,0.00881057261883
857.png,-1.26421306949
858.png,0.413560304067
859.png,-0.520529287763
860.png,0.0761711311291
861.png,0.234053885464
862.png,-0.673054062247
863.png,0.15119607418
864.png,0.0951280440203
865.png,-0.0140943346894
866.png,0.366440712046
867.png,0.366596736784
868.png,-0.388882315031
869.png,-0.153313652384
870.png,-0.228002507098
871.png,0.363102716379
872.png,2.43376839947
873.png,-0.810429059363
874.png,-0.301914825794
875.png,1.73090511182
876.png,0.00881057261883
877.png,-0.0881180584262
878.png,-2.57469950679
879.png,-0.02841057157
880.png,-2.21450152961
881.png,-0.109079113503
882.png,1.41957789086
883.png,1.86102767177
884.png,0.0667617475839
885.png,-0.117542571102
886.png,-2.53939874297
887.png,-2.1311469688
888.png,0.120558404468
889.png,-0.0462522806154
890.png,-0.292500589263
891.png,0.350514226418
892.png,0.939559914675
893.png,-0.0488674506135
894.png,1.89242160238
895.png,-2.43927605559
896.png,0.0239294475118
897.png,0.00881057261883
898.png,-0.444016400787
899.png,-0.949464304767
900.png,-0.0807558461096
901.png,-1.21059183268
902.png,-0.00833182321105
903.png,0.0550303436275
904.png,0.0137150343843
905.png,0.602556799644
906.png,0.652065705102
907.png,0.00881057261883
908.png,-0.121469643014
909.png,-0.470541712869
910.png,-0.205802340853
911.png,0.0990369741937
912.png,0.00881057261883
913.png,-0.624913525502
914.png,0.334704429501
915.png,-0.0795743980962
916.png,-0.137776876848
917.png,0.00881057261883
918.png,-0.497371073071
919.png,0.0460379259706
920.png,0.142280149576
921.png,-0.0749262518754
922.png,0.654019322143
923.png,0.00881057261883
924.png,0.551392114884
925.png,0.00881057261883
926.png,-1.23967892959
927.png,0.00881057261883
928.png,0.564015794361
929.png,0.708651772101
930.png,-0.689509670756
931.png,0.30870536108
932.png,-0.847585990279
933.png,0.356651482948
934.png,0.00881057261883
935.png,1.86648026193
936.png,-0.308621457477
937.png,0.631205346993
938.png,-0.0253457238404
939.png,0.149273979005
940.png,0.00881057261883
941.png,0.00881057261883
942.png,0.0506226723229
943.png,-0.464838826849
944.png,-3.75993974774
945.png,0.00881057261883
946.png,1.84379601737
947.png,-0.132856650263
948.png,0.00881057261883
949.png,0.00881057261883
950.png,-1.08810140165
951.png,0.00881057261883
952.png,1.5046182465
953.png,0.00881057261883
954.png,0.0684228240143
955.png,0.0350147151156
956.png,-0.551830868012
957.png,0.844605734175
958.png,-0.644444702486
959.png,0.00881057261883
960.png,-0.264092674711
961.png,-1.39338242049
962.png,-1.64203700302
963.png,-0.156118130822
964.png,-0.195597842123
965.png,-0.327339806595
966.png,-0.489346072627
967.png,-0.677988761515
968.png,-0.660069072521
969.png,-0.900791286974
970.png,-1.08698561112
971.png,-0.673962052738
972.png,-0.789742544929
973.png,-0.918388596791
974.png,-0.971673475144
975.png,-0.775824495666
976.png,-0.688015732647
977.png,-0.573211109925
978.png,-0.429234837976
979.png,-0.254637260808
980.png,0.0455889925162
981.png,0.417554177527
982.png,0.689168616094
983.png,1.07396477788
984.png,1.0736276152
985.png,1.29881165068
986.png,1.17768590123
987.png,0.752069397384
988.png,0.682877690826
989.png,0.679811733391
990.png,0.706294514468
991.png,0.504117451712
992.png,0.146071083206
993.png,-0.0718048776297
994.png,-0.290798065025
995.png,-0.237989412075
996.png,-0.238319480371
997.png,-0.484591220616
998.png,-0.661257742527
999.png,-0.522353901879
1000.png,-0.467519584266
1001.png,-0.238680496849
1002.png,0.0421273604697
1003.png,0.244551529989
1004.png,0.602036320283
1005.png,0.75362846308
1006.png,0.978398861296
1007.png,0.715331873993
1008.png,0.617411587593
1009.png,0.433458958779
1010.png,0.273242869984
1011.png,0.152631237654
1012.png,0.00882901614931
1013.png,-0.151230361368
1014.png,-0.294755594476
1015.png,-0.42821138375
1016.png,-0.569997714465
1017.png,-0.572698883779
1018.png,-0.572696528716
1019.png,-0.346190624964
1020.png,-0.272898346466
1021.png,-0.188755762963
1022.png,-0.0421933695243
1023.png,0.0991399388608
1024.png,0.275391048409
1025.png,0.412870172923
1026.png,0.445708150669
1027.png,0.595361230642
1028.png,0.521150135062
1029.png,0.628279583992
1030.png,0.274673811943
1031.png,-0.167555092347
1032.png,-0.414916377299
1033.png,-0.681490119564
1034.png,-0.864295148044
1035.png,-0.99164918074
1036.png,0.554011562476
1037.png,0.21226853498
1038.png,0.0504658125093
1039.png,0.00495072791626
1040.png,0.00066099750674
1041.png,0.0585801816281
1042.png,0.109623813045
1043.png,0.137295617458
1044.png,0.00242534144993
1045.png,-0.209238914692
1046.png,-0.436331458332
1047.png,-0.5255965635
1048.png,-0.397464631693
1049.png,-0.0351575875584
1050.png,0.114657192313
1051.png,0.40455112924
1052.png,0.592555077112
1053.png,0.744436327685
1054.png,0.866317906853
1055.png,0.625556835298
1056.png,0.152418065194
1057.png,-0.130422207639
1058.png,-0.486323267133
1059.png,-0.37068906863
1060.png,-0.175530715843
1061.png,-0.0263398466308
1062.png,0.0566444418547
1063.png,0.324911894252
1064.png,0.454038951843
1065.png,0.548633409829
1066.png,0.480995801731
1067.png,0.264210189182
1068.png,0.0929167872587
1069.png,0.0188501383075
1070.png,-0.0160473421013
1071.png,0.0814683853223
1072.png,-0.00803532651371
1073.png,0.137907275965
1074.png,0.00883360912869
1075.png,0.00881057261883
1076.png,-0.431295328624
1077.png,0.487804966724
1078.png,1.95167102321
1079.png,-1.84602501891
1080.png,-0.522870241132
1081.png,0.433706046346
1082.png,2.32579600652
1083.png,2.71894032106
1084.png,-0.0628564121363
1085.png,2.74219292854
1086.png,2.68433179746
1087.png,1.05456960928
1088.png,-0.0793987546715
1089.png,-0.407033702414
1090.png,-0.471437823606
1091.png,-0.308440248665
1092.png,-0.132166862288
1093.png,0.132356444935
1094.png,0.167785657937
1095.png,-2.26027135958
1096.png,-0.678884530858
1097.png,-1.66275384933
1098.png,-1.26961521669
1099.png,-0.480116433029
1100.png,0.755297934286
1101.png,-0.913441879456
1102.png,-1.3751599908
1103.png,0.174981887575
1104.png,0.29228448469
1105.png,-1.51590306942
1106.png,-0.483245265278
1107.png,0.11514073149
1108.png,-0.629070967475
1109.png,0.132431503534
1110.png,0.0443572747291
1111.png,-0.305517012925
1112.png,-0.511646116401
1113.png,2.44450189871
1114.png,-0.557066588898
1115.png,-0.592704614158
1116.png,-0.449552692089
1117.png,-0.485322794174
1118.png,-0.319679067608
1119.png,-0.233894606725
1120.png,-0.130046592509
1121.png,0.0518336667629
1122.png,0.00881057261883
1123.png,0.0797727662403
1124.png,0.0447904945335
1125.png,0.0800319012846
1126.png,-0.0962626272748
1127.png,0.0794859846492
1128.png,0.0265548881558
1129.png,0.097148473102
1130.png,0.097148473102
1131.png,-0.683796893296
1132.png,-0.696062027979
1133.png,-0.717420424755
1134.png,-0.519861011371
1135.png,-0.326682350722
1136.png,-0.257833102184
1137.png,-0.25035109438
1138.png,-0.557900880613
1139.png,0.767229275712
1140.png,-0.265690615362
1141.png,0.586568441759
1142.png,1.23991386625
1143.png,-2.07098025595
1144.png,-1.0516381642
1145.png,0.00881057261883
1146.png,0.3816720673
1147.png,0.381091495804
1148.png,0.185128976295
1149.png,-0.114616394058
1150.png,-0.256127425766
1151.png,-0.11454594161
1152.png,0.00880399444189
1153.png,0.0442799555477
1154.png,0.149903642652
1155.png,0.203117548752
1156.png,0.275481933202
1157.png,0.221959904195
1158.png,0.132385483784
1159.png,0.22027659542
1160.png,0.169409766358
1161.png,0.361253072716
1162.png,0.985614040896
1163.png,0.00518499419778
1164.png,-1.15285454999
1165.png,0.549943913666
1166.png,0.619020002566
1167.png,0.776588705411
1168.png,-0.833636321129
1169.png,0.0088717914893
1170.png,0.00881323578311
1171.png,1.64305494062
1172.png,0.00882001324023
1173.png,-1.19626931938
1174.png,-4.51214012311
1175.png,-0.185030992231
1176.png,-0.256093648186
1177.png,-0.220315638618
1178.png,-0.202741464986
1179.png,-0.114565825911
1180.png,0.00880408507587
1181.png,0.00879584788081
1182.png,0.0969220043223
1183.png,0.0625725937509
1184.png,0.401426901239
1185.png,0.991606558839
1186.png,1.11891375466
1187.png,1.05760403011
1188.png,-1.32527693431
1189.png,-0.712399574522
1190.png,-0.166861016519
1191.png,0.047795591411
1192.png,0.132694373307
1193.png,-0.040610156516
1194.png,-0.152916650411
1195.png,-0.361106424199
1196.png,-0.374193109352
1197.png,-0.230514072879
1198.png,-0.317073569804
1199.png,0.178834388462
1200.png,0.491591354116
1201.png,0.253398490058
1202.png,-0.0624287791798
1203.png,-0.280624971208
1204.png,-0.26101363408
1205.png,-0.227860205978
1206.png,0.00469321781757
1207.png,-0.0562897075631
1208.png,-0.132571686621
1209.png,-0.0558657682697
1210.png,-0.0151065420585
1211.png,-0.149786876885
1212.png,-0.0645294072258
1213.png,-0.0500863604999
1214.png,-0.0458669381999
1215.png,0.000499269745535
1216.png,0.0989981268558
1217.png,0.0455996148838
1218.png,0.0441713077298
1219.png,0.125468354136
1220.png,-0.00881372806564
1221.png,0.00859550571581
1222.png,-0.0260134366934
1223.png,-0.167438337562
1224.png,-0.893310488519
1225.png,-2.05365534132
1226.png,0.456348184934
1227.png,-0.259059481732
1228.png,-0.995548173831
1229.png,-0.237897496258
1230.png,-1.18054493532
1231.png,-0.679352696529
1232.png,-0.53754450204
1233.png,2.8430985565
1234.png,1.9530187545
1235.png,0.984598622872
1236.png,0.245552499388
1237.png,-0.207466057751
1238.png,-0.657927668048
1239.png,-0.702218286801
1240.png,-0.146837230562
1241.png,-0.238712409049
1242.png,-0.385765242166
1243.png,-0.538936912884
1244.png,-0.750269760111
1245.png,-0.49922588694
1246.png,-0.26251164423
1247.png,0.664240283204
1248.png,0.00939573009575
1249.png,-0.903769541899
1250.png,0.21151183296
1251.png,0.0977522309666
1252.png,0.108876266806
1253.png,0.102895153954
1254.png,-0.00913537606552
1255.png,0.188617132324
1256.png,0.00832419105688
1257.png,-0.0617319908977
1258.png,0.0264398322345
1259.png,-0.599293814523
1260.png,1.59557061684
1261.png,0.721722142878
1262.png,0.7392480791
1263.png,0.512059080714
1264.png,0.769250270949
1265.png,0.890534390945
1266.png,1.03170900335
1267.png,1.18293970489
1268.png,1.33649223015
1269.png,-0.930550681319
1270.png,-0.0293809036061
1271.png,0.0587872307126
1272.png,0.166664468756
1273.png,0.276809760685
1274.png,0.224918434022
1275.png,0.249551502285
1276.png,0.250285699063
1277.png,0.25467431121
1278.png,0.804787859053
1279.png,0.572692793502
1280.png,0.3623364523
1281.png,0.220505970459
1282.png,-0.0153719100227
1283.png,-0.238228335167
1284.png,-0.661515383756
1285.png,1.25542614923
1286.png,0.245863273451
1287.png,-0.221150363338
1288.png,-0.318376453789
1289.png,-0.15960085558
1290.png,-0.439830812891
1291.png,0.05151229704
1292.png,-0.0812065790016
1293.png,-0.150824506455
1294.png,0.0088717914893
1295.png,-1.66618054097
1296.png,-0.520609646789
1297.png,-0.311047336131
1298.png,-0.0811204901739
1299.png,-0.0273284418314
1300.png,-0.15013713178
1301.png,-0.381823051402
1302.png,-0.510168835415
1303.png,-0.496140031564
1304.png,-0.465444806561
1305.png,-0.0981638021347
1306.png,-0.444254969552
1307.png,-0.415220410165
1308.png,-0.352383534616
1309.png,-0.389182036359
1310.png,-0.343726809914
1311.png,-0.255681192404
1312.png,-0.237976227424
1313.png,-0.237976227424
1314.png,-0.220350976188
1315.png,-0.167464609333
1316.png,-0.0440896146468
1317.png,-0.0969924713552
1318.png,-0.0969345229364
1319.png,-0.0969205400452
1320.png,-0.0971849512261
1321.png,0.0304525172006
1322.png,0.107174884504
1323.png,-0.0971964690281
1324.png,-0.0457570489402
1325.png,-0.0263990452689
1326.png,-0.0455168421889
1327.png,0.00777300102235
1328.png,0.0968902230299
1329.png,0.0969339056227
1330.png,0.00897902601206
1331.png,-0.00854676520509
1332.png,0.026823698181
1333.png,0.0269256357039
1334.png,0.0273305341394
1335.png,0.11459992795
1336.png,0.400596993354
1337.png,-0.0265948472712
1338.png,-1.15896703869
1339.png,-0.973667686211
1340.png,0.00954161045422
1341.png,-1.65103414497
1342.png,-0.718451182733
1343.png,-0.203346955298
1344.png,-0.204403817259
1345.png,-0.204862367883
1346.png,-0.0972386568849
1347.png,0.436749143976
1348.png,0.437362559292
1349.png,-0.355637864763
1350.png,-0.718878269928
1351.png,-0.844109493668
1352.png,-0.852986295666
1353.png,-0.045737140709
1354.png,-0.795255247449
1355.png,-0.609464453562
1356.png,-0.422446975324
1357.png,-0.234719054605
1358.png,0.0970852803002
1359.png,0.311109096278
1360.png,0.186484368335
1361.png,0.1459241808
1362.png,0.0333491707055
1363.png,-0.0403584310735
1364.png,-0.0793277032135
1365.png,-0.20826169981
1366.png,-0.400610537935
1367.png,-0.469963029564
1368.png,-0.626817911564
1369.png,-0.619341182364
1370.png,-0.174258924796
1371.png,0.656667741869
1372.png,-0.433182361872
1373.png,-1.97696598136
1374.png,-0.877271265886
1375.png,-0.124479991857
1376.png,0.555421749519
1377.png,1.36765692862
1378.png,-0.0765073950944
1379.png,-0.054939351988
1380.png,-0.194136170703
1381.png,0.124787098457
1382.png,0.104095165484
1383.png,0.136848583319
1384.png,0.00605608969973
1385.png,0.134800580571
1386.png,0.00802042719677
1387.png,0.00782980090687
1388.png,0.0257676840268
1389.png,0.0257676840268
1390.png,0.0257676840268
1391.png,-0.240326777138
1392.png,0.176069309374
1393.png,0.160692244596
1394.png,0.173816735919
1395.png,0.15120816125
1396.png,0.173015500328
1397.png,0.160156143303
1398.png,0.17400096253
1399.png,0.174856267232
1400.png,0.202239235659
1401.png,0.200432326441
1402.png,-0.14776865922
1403.png,0.205475903444
1404.png,0.205606320331
1405.png,0.0617725144689
1406.png,0.207735608447
1407.png,0.22705847823
1408.png,0.0975024340384
1409.png,0.0974977029363
1410.png,0.237688406454
1411.png,0.225538958312
1412.png,0.262703831839
1413.png,-0.0965333976847
1414.png,0.32789075489
1415.png,0.237456427696
1416.png,0.250657057516
1417.png,0.245218256092
1418.png,0.355919210779
1419.png,0.353729798822
1420.png,0.283636360065
1421.png,0.271070171219
1422.png,0.270066246083
1423.png,0.365277651383
1424.png,-0.143635634634
1425.png,0.267280938837
1426.png,0.281093843336
1427.png,0.297911915095
1428.png,0.307375313228
1429.png,0.288945551806
1430.png,0.324131562376
1431.png,0.324486650296
1432.png,0.320211505511
1433.png,0.328332883747
1434.png,0.32906243217
1435.png,-0.149795989115
1436.png,0.322729851053
1437.png,0.271641978561
1438.png,0.316143926564
1439.png,0.350752948798
1440.png,0.307542361548
1441.png,0.287195252174
1442.png,0.319874762608
1443.png,0.309517627862
1444.png,0.308860783198
1445.png,0.313400656638
1446.png,-0.113237654045
1447.png,0.32273489431
1448.png,0.360057829425
1449.png,0.238800839452
1450.png,0.259605735863
1451.png,0.558569653539
1452.png,0.20551258241
1453.png,0.187006565115
1454.png,0.258342414786
1455.png,0.241484623405
1456.png,0.296429675199
1457.png,-0.118157011366
1458.png,0.348717516029
1459.png,0.276416768287
1460.png,0.348920376244
1461.png,0.329813394831
1462.png,0.427496665206
1463.png,0.349405662532
1464.png,0.45467921528
1465.png,0.485579622242
1466.png,0.666871991309
1467.png,0.459904960263
1468.png,-0.139662891
1469.png,0.596442279562
1470.png,0.450912380374
1471.png,0.425241827848
1472.png,0.468793173686
1473.png,0.446946938468
1474.png,0.464204215324
1475.png,0.461203404912
1476.png,0.459329263071
1477.png,0.494499132641
1478.png,0.490767660273
1479.png,-0.124311256399
1480.png,0.459922519456
1481.png,0.462892046098
1482.png,0.459946609072
1483.png,0.704559091337
1484.png,0.50451335016
1485.png,0.728057854198
1486.png,0.330909983106
1487.png,0.442260276666
1488.png,0.477112168308
1489.png,0.506474263702
1490.png,-0.0586288476769
1491.png,-0.255519709657
1492.png,0.518547688534
1493.png,0.460781962413
1494.png,0.503343580937
1495.png,0.678739143052
1496.png,0.740918113472
1497.png,0.549499561623
1498.png,0.532694264397
1499.png,0.516219173541
1500.png,0.431732906808
1501.png,0.529339702414
1502.png,-0.138722872232
1503.png,0.562369587047
1504.png,0.557636689373
1505.png,0.550225266561
1506.png,0.500730146844
1507.png,0.40346658312
1508.png,0.395078446892
1509.png,0.540024202148
1510.png,0.417129867285
1511.png,0.661300998081
1512.png,0.592241857401
1513.png,-0.115482970461
1514.png,0.590445731056
1515.png,0.579293265849
1516.png,0.593453808463
1517.png,0.62553804848
1518.png,0.401334787365
1519.png,0.543708407953
1520.png,0.599459378146
1521.png,0.45512193708
1522.png,0.625649384048
1523.png,0.61977253093
1524.png,-0.174756468235
1525.png,0.580409334085
1526.png,0.593334024304
1527.png,0.581193166046
1528.png,0.590320767959
1529.png,0.617504377808
1530.png,0.590217292733
1531.png,0.5877165526
1532.png,0.586402561106
1533.png,0.59792134534
1534.png,0.580808764107
1535.png,-0.244195622079
1536.png,0.571070052588
1537.png,0.594845491844
1538.png,0.569045741472
1539.png,0.538401873515
1540.png,0.53837807886
1541.png,0.518380209349
1542.png,0.507047596895
1543.png,0.708271741026
1544.png,0.403706176706
1545.png,0.596829811553
1546.png,-0.21042452461
1547.png,0.507370901219
1548.png,0.484398148642
1549.png,0.467153899396
1550.png,0.490703247598
1551.png,0.470458780596
1552.png,0.449342672815
1553.png,0.415271893088
1554.png,0.452504748883
1555.png,0.436447556789
1556.png,0.430132949337
1557.png,-0.194692878147
1558.png,0.407503623871
1559.png,0.433229579135
1560.png,0.432251530516
1561.png,0.434569891549
1562.png,0.452578126656
1563.png,0.504801705572
1564.png,0.371377992083
1565.png,0.378003319025
1566.png,0.357830506875
1567.png,0.352832273533
1568.png,-0.165958428523
1569.png,0.360411821917
1570.png,0.365223314331
1571.png,0.368537346425
1572.png,0.335157607952
1573.png,0.29767553017
1574.png,0.329942652183
1575.png,0.286550771941
1576.png,0.299057840385
1577.png,0.277119391475
1578.png,0.277920308281
1579.png,-0.174756468235
1580.png,0.266693686993
1581.png,0.267222983128
1582.png,0.251290735906
1583.png,0.241684604263
1584.png,0.232557100135
1585.png,0.239343049388
1586.png,0.237009227757
1587.png,0.2244011619
1588.png,0.201342280626
1589.png,0.182336342952
1590.png,-0.228705910914
1591.png,0.133944598201
1592.png,0.179965926675
1593.png,0.149925359335
1594.png,0.166779816945
1595.png,0.159020557571
1596.png,0.136275069968
1597.png,0.127612257198
1598.png,0.112497285531
1599.png,0.099445133476
1600.png,0.127403228414
1601.png,-0.149138772533
1602.png,-0.175720510109
1603.png,0.0890283794997
1604.png,-0.192517266871
1605.png,-0.0189688335888
1606.png,-0.175720510109
1607.png,-0.262614871491
1608.png,-0.114816195811
1609.png,-0.0883569752428
1610.png,-0.199290942781
1611.png,-0.103031409305
1612.png,-0.102825928008
1613.png,-0.088801104909
1614.png,-0.14729966893
1615.png,-0.110040361506
1616.png,-0.132028317415
1617.png,-0.131632754912
1618.png,-0.210791002627
1619.png,-0.0450777767052
1620.png,-0.0761456791386
1621.png,-0.1441372787
1622.png,-0.120470976782
1623.png,-0.0904842334323
1624.png,-0.130647195819
1625.png,-0.110984744233
1626.png,-0.10440557299
1627.png,-0.105637809481
1628.png,-0.0807547651347
1629.png,-0.0951063625688
1630.png,-0.0566517070096
1631.png,-0.0391030204938
1632.png,-0.209839107283
1633.png,-0.121172034638
1634.png,-0.0121898845462
1635.png,-0.0845997650123
1636.png,-0.0175056279859
1637.png,-0.0247150698038
1638.png,-0.0393723668429
1639.png,-0.0252393466131
1640.png,-0.0112481749133
1641.png,-0.17817910206
1642.png,-0.172143938472
1643.png,-0.00271092271829
1644.png,-0.0306903013065
1645.png,-0.0192824484176
1646.png,-0.189086111992
1647.png,-0.189086111992
1648.png,-0.154135260104
1649.png,-0.100989301031
1650.png,-0.100989301031
1651.png,-0.100989301031
1652.png,-0.100989301031
1653.png,-0.100569670242
1654.png,-0.100569670242
1655.png,-0.100569670242
1656.png,-0.100176835026
1657.png,-0.154098795408
1658.png,-0.0294423089212
1659.png,-0.0649104631502
1660.png,-0.0825515502502
1661.png,-0.0997973387943
1662.png,-0.0997973387943
1663.png,-0.0821947760812
1664.png,-0.0645508731619
1665.png,-0.064224287283
1666.png,-0.064224287283
1667.png,-0.063921678918
1668.png,-0.172026482885
1669.png,-0.063927120508
1670.png,-0.0639247882651
1671.png,-0.063921678918
1672.png,-0.0680999809891
1673.png,-0.0326321938114
1674.png,-0.0504511776318
1675.png,-0.0102687805066
1676.png,-0.0457420643951
1677.png,-0.0488351936935
1678.png,-0.0101394786217
1679.png,0.00938316237556
1680.png,0.0850163605776
1681.png,0.00991116729168
1682.png,0.299371517551
1683.png,0.254088222864
1684.png,0.339926971387
1685.png,0.355311612199
1686.png,0.316744981809
1687.png,0.302256686914
1688.png,0.299380988771
1689.png,0.346302246288
1690.png,0.285008008769
1691.png,0.0046980459495
1692.png,0.32242388604
1693.png,0.284232166337
1694.png,0.41148276298
1695.png,0.292534066012
1696.png,0.318332808147
1697.png,0.250126874531
1698.png,0.561516590724
1699.png,0.296421319911
1700.png,0.647226313915
1701.png,0.23404551819
1702.png,0.0239097476187
1703.png,0.195264919439
1704.png,0.251695825484
1705.png,0.255983796267
1706.png,0.205503812459
1707.png,-0.219025431135
1708.png,0.258491602974
1709.png,0.265112139914
1710.png,0.0244021947088
1711.png,0.293927159058
1712.png,0.342457999065
1713.png,0.00599552719675
1714.png,0.342457999065
1715.png,0.388596691427
1716.png,0.339833291934
1717.png,0.209958998788
1718.png,0.192043277618
1719.png,0.135200284682
1720.png,0.265931117123
1721.png,0.226372609069
1722.png,0.250711951581
1723.png,0.256394741377
1724.png,-0.00219557303499
1725.png,0.18924227205
1726.png,0.200429315
1727.png,0.257334595861
1728.png,0.352443306551
1729.png,-0.279812734084
1730.png,0.244158131069
1731.png,0.316452514398
1732.png,-0.261512057392
1733.png,0.286003007655
1734.png,0.213208434371
1735.png,-0.00287621637321
1736.png,0.373133289656
1737.png,0.48114013079
1738.png,0.42922347589
1739.png,0.457607583114
1740.png,0.457770445883
1741.png,0.444513543297
1742.png,0.357189288121
1743.png,0.35765422216
1744.png,0.441248562672
1745.png,0.468316227735
1746.png,0.00161444255017
1747.png,0.552625732449
1748.png,0.414255510425
1749.png,0.375754797174
1750.png,0.380892098326
1751.png,0.455821411022
1752.png,0.462057187432
1753.png,0.500112165669
1754.png,0.497566462789
1755.png,0.404447854057
1756.png,0.467578706043
1757.png,0.0149646828452
1758.png,0.506621490509
1759.png,0.464950916333
1760.png,0.584248411919
1761.png,0.55216616265
1762.png,0.495411748963
1763.png,0.333778480091
1764.png,0.226413559037
1765.png,0.309795552015
1766.png,0.262828492147
1767.png,0.281613839351
1768.png,0.00415382298436
1769.png,0.215038433836
1770.png,0.287504899338
1771.png,0.259959461743
1772.png,0.303671647199
1773.png,0.310912546078
1774.png,0.220162364693
1775.png,0.299438718155
1776.png,0.266677981346
1777.png,0.267648076471
1778.png,0.247979996884
1779.png,-0.0125420636128
1780.png,0.264751752766
1781.png,0.337221343737
1782.png,0.295350981455
1783.png,0.254292237537
1784.png,0.300131840792
1785.png,0.251854290493
1786.png,0.211061195183
1787.png,0.331256654668
1788.png,0.240927883234
1789.png,0.292134737852
1790.png,-0.00626120004725
1791.png,-0.0264724841645
1792.png,0.245473575524
1793.png,0.366300066957
1794.png,0.262996821857
1795.png,0.302598797078
1796.png,0.248290641263
1797.png,0.47404149675
1798.png,0.276205818881
1799.png,0.351425473564
1800.png,0.303215414674
1801.png,0.22894532585
1802.png,-0.0221275889972
1803.png,0.246061258807
1804.png,0.18505677062
1805.png,0.0975902212652
1806.png,0.246807828064
1807.png,0.153646754296
1808.png,-0.107855466043
1809.png,0.00881057261883
1810.png,0.237224459387
1811.png,0.00881057261883
1812.png,0.00881057261883
1813.png,-0.101333516801
1814.png,0.00881057261883
1815.png,-0.0207288982109
1816.png,-0.0332796071349
1817.png,-0.0562752107219
1818.png,-0.049393435045
1819.png,-0.0762259408229
1820.png,-0.02516659948
1821.png,-0.0339435189226
1822.png,0.00881057261883
1823.png,-0.00543923097872
1824.png,-0.0338856557335
1825.png,-0.0224965350661
1826.png,-0.0272511251692
1827.png,-3.02341552869
1828.png,-0.0880795243311
1829.png,-2.49417752459
1830.png,-2.44947394358
1831.png,-2.11279597062
1832.png,-3.36296257489
1833.png,-0.0175546787151
1834.png,-3.38605877561
1835.png,-3.20280584273
1836.png,-3.2687235388
1837.png,-3.01865822782
1838.png,-2.95537696649
1839.png,-2.86888298334
1840.png,-2.7999495152
1841.png,-2.72186538598
1842.png,-0.0220805426237
1843.png,-1.93104916518
1844.png,-2.61942731849
1845.png,-2.59988686987
1846.png,-2.32862777355
1847.png,-1.93262298222
1848.png,-1.83458573186
1849.png,-1.705856413
1850.png,-1.4909885492
1851.png,-1.3899997238
1852.png,-1.30008867249
1853.png,-0.0113110850942
1854.png,-1.20068801588
1855.png,-1.11397643765
1856.png,-1.01809184185
1857.png,-0.927711322444
1858.png,-0.840359256554
1859.png,-0.967934433197
1860.png,-0.743490262633
1861.png,-0.664570245458
1862.png,-0.641252601901
1863.png,-0.524163195322
1864.png,-0.0472710193138
1865.png,-0.485017083499
1866.png,-0.442513890077
1867.png,-0.407602261093
1868.png,-0.357718335811
1869.png,-0.393031256068
1870.png,-0.280735122431
1871.png,-0.226940425723
1872.png,-0.246979956787
1873.png,-0.178921679247
1874.png,-0.155013485278
1875.png,-0.0300468107057
1876.png,-0.120758461896
1877.png,-0.119141782178
1878.png,-0.101144860971
1879.png,-0.0704469056144
1880.png,-0.0267029788251
1881.png,-0.070285379962
1882.png,-0.0699327856813
1883.png,0.00137112154579
1884.png,-0.0377754296016
1885.png,0.00300721385767
1886.png,-0.0402675470808
1887.png,0.0513655212495
1888.png,-0.021684749376
1889.png,-0.458510883056
1890.png,-0.000894439602218
1891.png,0.0167363311442
1892.png,0.0165601400026
1893.png,0.0251021963143
1894.png,-0.447307913784
1895.png,0.0336827182573
1896.png,0.0334186323311
1897.png,0.0127923844265
1898.png,-0.0405551557666
1899.png,0.0433204471346
1900.png,0.0643847547001
1901.png,0.0938574294522
1902.png,0.0799879139145
1903.png,0.107675183193
1904.png,0.0819731208812
1905.png,0.0710375391499
1906.png,0.091179327157
1907.png,-0.438458089439
1908.png,0.0966466992645
1909.png,-0.0535591171073
1910.png,0.106872924378
1911.png,0.0973841249512
1912.png,-0.406673717461
1913.png,0.0745688570712
1914.png,0.0299800483705
1915.png,0.0538409106005
1916.png,0.106106453921
1917.png,0.0357071496233
1918.png,0.0842278085888
1919.png,0.0259070187168
1920.png,-0.102944703837
1921.png,0.069500066527
1922.png,0.0717474403432
1923.png,0.096378387861
1924.png,0.0404862451943
1925.png,0.0550200766166
1926.png,0.124490899748
1927.png,0.0717653778426
1928.png,0.0251800020595
1929.png,0.0700712282947
1930.png,-0.0142561706599
1931.png,-0.10118319571
1932.png,0.0361303935067
1933.png,-0.0124858988387
1934.png,-0.0177370637614
1935.png,-0.0124858988387
1936.png,0.0343980557592
1937.png,-0.0250313063954
1938.png,-0.470997608591
1939.png,-0.447172166423
1940.png,-0.0229933905032
1941.png,-0.515997420729
1942.png,-0.100073690814
1943.png,-0.00913925068166
1944.png,0.0431515153971
1945.png,0.0364001703064
1946.png,0.0327634886484
1947.png,-0.0146978319729
1948.png,-0.418079742997
1949.png,0.0391189587077
1950.png,-0.368441704916
1951.png,-0.351893024041
1952.png,-0.523999300504
1953.png,-0.0563143419795
1954.png,-0.496815260422
1955.png,-0.329261116708
1956.png,0.12037916888
1957.png,0.126755359619
1958.png,-0.527648281584
1959.png,0.120875299344
1960.png,-0.560644326725
1961.png,0.0765117407115
1962.png,0.131561152607
1963.png,0.132978528119
1964.png,-0.0678372963798
1965.png,0.131255463257
1966.png,0.153591010021
1967.png,0.104009434905
1968.png,0.140683914473
1969.png,0.164644054533
1970.png,0.11820345918
1971.png,0.14392814746
1972.png,0.180644133381
1973.png,0.109477604154
1974.png,-0.157591275786
1975.png,-0.0499820595195
1976.png,0.159197058168
1977.png,0.151228680696
1978.png,0.135987483327
1979.png,0.165426938391
1980.png,0.133494591582
1981.png,0.138591992836
1982.png,0.143818038112
1983.png,0.128353391706
1984.png,0.14439280666
1985.png,0.165824982709
1986.png,-0.082516897437
1987.png,0.151056789011
1988.png,0.162171026315
1989.png,0.152387016317
1990.png,0.120217506225
1991.png,0.145944436833
1992.png,0.132992249366
1993.png,0.099464974324
1994.png,0.0983447044047
1995.png,0.101915466451
1996.png,0.0829443847196
1997.png,-0.0451203116675
1998.png,0.117744593871
1999.png,0.0691707425604
2000.png,0.0691163644659
2001.png,0.0616770108805
2002.png,0.0616981838144
2003.png,0.0614450793699
2004.png,0.0616770108805
2005.png,0.0616880855606
2006.png,0.0616770108805
2007.png,0.0621571421677
2008.png,0.0618428479029
2009.png,0.0227959519408
2010.png,0.0897637090702
2011.png,-0.00577117246668
2012.png,0.00926886943229
2013.png,0.00897419404348
2014.png,0.00892866714961
2015.png,0.00909704248836
2016.png,0.00978992714376
2017.png,0.00892866714961
2018.png,0.0096351842984
2019.png,0.0096351842984
2020.png,0.00880965119188
2021.png,0.00881924458105
2022.png,0.00917634707992
2023.png,0.0169655670283
2024.png,0.00926886943229
2025.png,0.0271705994608
2026.png,-0.0795119243748
2027.png,-0.0262874104746
2028.png,-0.0262874104746
2029.png,-0.0796044174296
2030.png,-0.0795985119325
2031.png,-0.0793096743956
2032.png,-0.0809948794843
2033.png,-0.080337058796
2034.png,-0.0795927054483
2035.png,-0.0795927054483
2036.png,-0.0795860734217
2037.png,-0.0795927054483
2038.png,-0.0440478030158
2039.png,-0.0439252459195
2040.png,-0.0439252459195
2041.png,-0.0440834195433
2042.png,-0.0440551585554
2043.png,-0.0615180485381
2044.png,-0.0620387916968
2045.png,-0.0623945088915
2046.png,0.0220492418201
2047.png,-0.0546954679743
2048.png,-0.0616115361568
2049.png,0.0145217617162
2050.png,-0.0613860276805
2051.png,-0.0616992671047
2052.png,-0.0618743639114
2053.png,-0.0616765749582
2054.png,-0.0617578130512
2055.png,-0.0616609773688
2056.png,0.00951962154733
2057.png,0.00889403751049
2058.png,0.0294240302217
2059.png,0.00893133375249
2060.png,0.00893133375249
2061.png,0.0453144279025
2062.png,0.10456209737
2063.png,0.0400692684221
2064.png,0.0440824314824
2065.png,0.0396452716656
2066.png,0.0433115255491
2067.png,0.043449749475
2068.png,0.0806718068954
2069.png,0.0451234292399
2070.png,0.0451234292399
2071.png,0.0451234292399
2072.png,0.0441673426499
2073.png,0.0451234292399
2074.png,0.0440824314824
2075.png,0.044127870772
2076.png,0.0453144279025
2077.png,0.0453144279025
2078.png,0.0449518975667
2079.png,0.0445449153383
2080.png,0.0447989242069
2081.png,0.0447989242069
2082.png,0.0446635797981
2083.png,0.0446635797981
2084.png,0.0447989242069
2085.png,0.0440824314824
2086.png,0.0445449153383
2087.png,0.0429820892607
2088.png,0.0433115255491
2089.png,0.0431559252421
2090.png,0.0446635797981
2091.png,0.044054768401
2092.png,0.044054768401
2093.png,0.044054768401
2094.png,0.0446635797981
2095.png,0.0371173345935
2096.png,0.0440824314824
2097.png,0.044054768401
2098.png,0.0387171305514
2099.png,0.044054768401
2100.png,0.0440551314408
2101.png,0.0440551314408
2102.png,0.0447989242069
2103.png,0.0440626885232
2104.png,0.0431559252421
2105.png,-0.505271664551
2106.png,0.0454733395982
2107.png,0.0289235377818
2108.png,0.0583803405665
2109.png,0.0885647583281
2110.png,0.089164165085
2111.png,0.0728853887206
2112.png,0.0796179541591
2113.png,0.0700753546492
2114.png,0.096623069853
2115.png,-0.433263750566
2116.png,0.0975994302187
2117.png,0.134188930784
2118.png,0.00204949720008
2119.png,0.0679405752359
2120.png,0.0999246682349
2121.png,0.101970327839
2122.png,0.120921889342
2123.png,0.134725971163
2124.png,0.13407242686
2125.png,0.132141089094
2126.png,0.125234625136
2127.png,0.139194438877
2128.png,0.139608619016
2129.png,0.126035382079
2130.png,-0.0222049999847
2131.png,0.127314797487
2132.png,0.125801741095
2133.png,0.114177170689
2134.png,0.126891460401
2135.png,0.165915894167
2136.png,0.659339603983
2137.png,0.682954243384
2138.png,0.101644548219
2139.png,-0.618042773711
2140.png,-0.626647152743
2141.png,-0.0143923565426
2142.png,-0.0129696883332
2143.png,0.0967674000227
2144.png,0.0760694707792
2145.png,0.687582633806
2146.png,0.663704650398
2147.png,0.685903664394
2148.png,0.0722458988523
2149.png,0.0594500148965
2150.png,0.00957510335928
2151.png,0.0641439974928
2152.png,-0.00187155228693
2153.png,-0.0139889005179
2154.png,-0.0046965296316
2155.png,-0.67552419729
2156.png,-0.0329935416611
2157.png,0.0604790117645
2158.png,0.0608431459205
2159.png,0.041799528049
2160.png,0.0753798933077
2161.png,0.0770092609022
2162.png,0.036797904685
2163.png,-0.00325175308831
2164.png,0.0709525678136
2165.png,0.0720067269216
2166.png,-0.0808921479728
2167.png,0.0499112361999
2168.png,0.0142991439832
2169.png,0.0271394709864
2170.png,0.0295873879107
2171.png,0.0356937325263
2172.png,-0.0585769073129
2173.png,0.0262714945159
2174.png,-0.00354001125184
2175.png,0.0183413000496
2176.png,0.0341655489933
2177.png,0.0227557260857
2178.png,-0.0328049999268
2179.png,0.0151404494472
2180.png,-0.0580254709442
2181.png,0.0208950333139
2182.png,0.0329649652869
2183.png,0.0349834639179
2184.png,0.0603385918069
2185.png,-0.00337132085078
2186.png,0.00552040997686
2187.png,-0.00490481092741
2188.png,-0.00983265542738
2189.png,-0.0072945595289
2190.png,0.00519553397158
2191.png,0.0303059461382
2192.png,0.0236196183482
2193.png,0.00874732162765
2194.png,0.0297698675515
2195.png,0.0472070311157
2196.png,0.0181470650126
2197.png,0.0604126697653
2198.png,0.0559484710204
2199.png,0.0714472901533
2200.png,0.0565034994876
2201.png,0.0737667882627
2202.png,0.106952649592
2203.png,0.116061798227
2204.png,0.130672527746
2205.png,0.11751996225
2206.png,0.128361460012
2207.png,0.0178568943145
2208.png,0.124983052092
2209.png,0.14262754122
2210.png,0.175601242464
2211.png,0.148094712352
2212.png,0.168597074489
2213.png,0.14547389707
2214.png,0.166069830907
2215.png,0.161506669082
2216.png,0.00881057261883
2217.png,-0.00354001125184
2218.png,0.00881057261883
2219.png,0.00881057261883
2220.png,0.00881057261883
2221.png,0.00881057261883
2222.png,0.892671414838
2223.png,0.0283599092466
2224.png,0.0317670078383
2225.png,0.0383949116716
2226.png,0.0319443218547
2227.png,0.0382756776863
2228.png,0.00881057261883
2229.png,0.024104456749
2230.png,0.00881057261883
2231.png,0.0449795968275
2232.png,0.00881057261883
2233.png,-2.69023637509
2234.png,0.0221812141565
2235.png,0.00884206873082
2236.png,0.00881810692561
2237.png,0.00881682882573
2238.png,0.00881682882573
2239.png,0.0296487646869
2240.png,0.0219151213993
2241.png,0.00881057261883
2242.png,0.00881057261883
2243.png,0.00881057261883
2244.png,0.00881057261883
2245.png,0.00881057261883
2246.png,0.00881057261883
2247.png,0.00881057261883
2248.png,0.00881057261883
2249.png,0.00881057261883
2250.png,0.0261667946427
2251.png,0.00881057261883
2252.png,0.00881057261883
2253.png,0.00881057261883
2254.png,0.00881057261883
2255.png,0.00881057261883
2256.png,0.00881057261883
2257.png,0.00881057261883
2258.png,0.00881057261883
2259.png,0.00881057261883
2260.png,0.00881057261883
2261.png,0.0205454988926
2262.png,0.00881057261883
2263.png,0.00881057261883
2264.png,0.00881057261883
2265.png,0.00881057261883
2266.png,0.00881057261883
2267.png,0.00881057261883
2268.png,-2.10516418243
2269.png,1.4056130818
2270.png,0.00881057261883
2271.png,0.00881057261883
2272.png,0.0138640769487
2273.png,0.0266431894092
2274.png,0.00881057261883
2275.png,0.00881057261883
2276.png,0.00881057261883
2277.png,0.00881057261883
2278.png,0.00881057261883
2279.png,0.00881057261883
2280.png,0.00881057261883
2281.png,0.00881057261883
2282.png,0.00881057261883
2283.png,0.00881057261883
2284.png,0.0290460516766
2285.png,0.0225696828492
2286.png,0.00881057261883
2287.png,0.00881057261883
2288.png,0.0218366394507
2289.png,0.00881057261883
2290.png,0.00881057261883
2291.png,0.00881057261883
2292.png,0.00881057261883
2293.png,0.00881057261883
2294.png,0.00881057261883
2295.png,0.00881057261883
2296.png,0.00881057261883
2297.png,0.00881057261883
2298.png,0.00881057261883
2299.png,0.0215869391139
2300.png,0.00881057261883
2301.png,0.00881057261883
2302.png,0.00881057261883
2303.png,0.00881057261883
2304.png,0.00881057261883
2305.png,0.00881057261883
2306.png,0.00881057261883
2307.png,0.00881057261883
2308.png,0.0497779825959
2309.png,0.0412194126641
2310.png,0.0435810440343
2311.png,0.048984077698
2312.png,0.0255813039666
2313.png,0.0102322597107
2314.png,-0.0539078392942
2315.png,0.00881057261883
2316.png,0.0440336289241
2317.png,0.00881057261883
2318.png,0.00881057261883
2319.png,0.00881057261883
2320.png,0.0196703240366
2321.png,0.00881057261883
2322.png,-0.101734608082
2323.png,-0.143594198795
2324.png,0.210344949689
2325.png,0.111330599172
2326.png,0.0494839989859
2327.png,0.00337326810629
2328.png,0.0940687581399
2329.png,0.00881057261883
2330.png,0.256630823048
2331.png,-0.00881922295601
2332.png,0.00192313074734
2333.png,0.0088415962376
2334.png,0.00882673653277
2335.png,-0.0456282792076
2336.png,0.00885065306708
2337.png,0.00885065306708
2338.png,0.00885065306708
2339.png,0.00885065306708
2340.png,0.00885065306708
2341.png,0.00885065306708
2342.png,-0.149787764451
2343.png,-0.0969210591964
2344.png,-0.0793356367323
2345.png,0.0088415962376
2346.png,-0.335094410802
2347.png,0.0088415962376
2348.png,0.0088415962376
2349.png,0.00881057261883
2350.png,0.0088415962376
2351.png,-0.0312709601713
2352.png,0.0088415962376
2353.png,0.00885065306708
2354.png,0.0088717914893
2355.png,0.0088717914893
2356.png,-0.220308211972
2357.png,-0.149993707227
2358.png,-0.185031261766
2359.png,-0.167434996381
2360.png,-0.167743736542
2361.png,-0.185063199105
2362.png,-0.167747536657
2363.png,-0.185300554872
2364.png,-0.185405588912
2365.png,-0.20268617888
2366.png,-0.202942613699
2367.png,-0.22045853464
2368.png,-0.238094179897
2369.png,-0.2203702546
2370.png,-0.220368873377
2371.png,-0.238379763443
2372.png,-0.238228950925
2373.png,-0.238367945277
2374.png,-0.185115583638
2375.png,-0.237936051857
2376.png,-0.202684457095
2377.png,-0.185061536362
2378.png,-0.185061003958
2379.png,-0.202652826862
2380.png,-0.202686776182
2381.png,-0.202653131569
2382.png,-0.167648785337
2383.png,-0.132358495935
2384.png,-0.273371688214
2385.png,-0.238373803272
2386.png,-0.238010673987
2387.png,-0.202743752712
2388.png,-0.185113176251
2389.png,-0.185181142128
2390.png,-0.185185092923
2391.png,-0.167553210187
2392.png,-0.167436858992
2393.png,-0.149812150056
2394.png,-0.132279746278
2395.png,-0.149787421478
2396.png,-0.149857448327
2397.png,-0.132165457559
2398.png,-0.096969415975
2399.png,-0.132165970692
2400.png,-0.114597230735
2401.png,-0.114642717286
2402.png,-0.114560038273
2403.png,-0.0969213201788
2404.png,-0.0793091922153
2405.png,-0.0440976497395
2406.png,-0.0793721420755
2407.png,-0.132165461401
2408.png,-0.0616896338137
2409.png,-0.0792997945857
2410.png,-0.0792996068739
2411.png,-0.0792997307449
2412.png,-0.0969395778403
2413.png,-0.0969220720555
2414.png,-0.096935906154
2415.png,-0.0617427667903
2416.png,0.0440704413988
2417.png,0.00881139627351
2418.png,-0.0616775218729
2419.png,-0.096935906154
2420.png,-0.0440553934204
2421.png,0.0794308069413
2422.png,0.132429503983
2423.png,0.132453396145
2424.png,0.150021763702
2425.png,0.167526063823
2426.png,0.150041340203
2427.png,0.132187565738
2428.png,0.132395156605
2429.png,0.149787105969
2430.png,0.168028486366
2431.png,0.168420792017
2432.png,0.133216909364
2433.png,0.151364424466
2434.png,0.168298963939
2435.png,0.1869823837
2436.png,0.223484788535
2437.png,0.204874057043
2438.png,0.221722236986
2439.png,0.132524908233
2440.png,0.168446027354
2441.png,0.257136734619
2442.png,0.309331934206
2443.png,0.327365786837
2444.png,0.327293013217
2445.png,0.326255118586
2446.png,0.467851844924
2447.png,0.414111764063
2448.png,0.449428415001
2449.png,0.484669200142
2450.png,0.538455459489
2451.png,0.520062925902
2452.png,0.572791538065
2453.png,0.678416465509
2454.png,0.713782205101
2455.png,0.716226485943
2456.png,0.713775267959
2457.png,0.696946206881
2458.png,0.873320813672
2459.png,1.09582500298
2460.png,1.10124686509
2461.png,1.17170613111
2462.png,1.18980922531
2463.png,1.25977932105
2464.png,1.29500661448
2465.png,1.31262075878
2466.png,1.55917826485
2467.png,1.77382785483
2468.png,1.79141471984
2469.png,-2.78197636026
2470.png,-2.65863877505
2471.png,-2.90115622718
2472.png,-2.85168001051
2473.png,-2.69510729806
2474.png,-2.71388678367
2475.png,-2.27442996463
2476.png,-2.66831688624
2477.png,-2.78976151214
2478.png,-2.66333274267
2479.png,-2.64223160569
2480.png,-2.4475489316
2481.png,-2.66377805539
2482.png,-2.60604416201
2483.png,-2.36930561614
2484.png,-2.3508578661
2485.png,-2.49023405131
2486.png,-2.30737474233
2487.png,-2.35954900642
2488.png,-2.26355846469
2489.png,-2.3441790305
2490.png,-2.39313979815
2491.png,-2.31610963866
2492.png,-2.0199571987
2493.png,-1.71495046134
2494.png,-1.7285454739
2495.png,-1.85251135433
2496.png,-1.48255739066
2497.png,-1.3818082939
2498.png,-1.52404415323
2499.png,-1.43078377185
2500.png,-1.47729734068
2501.png,-1.37006987268
2502.png,-1.36547381693
2503.png,-1.36871677066
2504.png,-1.36983386644
2505.png,-1.49087522318
2506.png,-1.44375415734
2507.png,-1.4212088684
2508.png,-1.46994890905
2509.png,-1.3717934306
2510.png,-1.40155162837
2511.png,-1.29559270881
2512.png,-1.29699347091
2513.png,-1.29857578543
2514.png,-1.31880706825
2515.png,-1.26000980982
2516.png,-1.19086981956
2517.png,-1.17585770191
2518.png,-1.11907117982
2519.png,-1.0838213764
2520.png,-1.22918447673
2521.png,-1.05241527693
2522.png,-1.03473257909
2523.png,-0.986110471764
2524.png,-0.94648028754
2525.png,-0.977944436867
2526.png,-0.912089145789
2527.png,-0.94288152321
2528.png,-0.891116579521
2529.png,-0.88985155068
2530.png,-0.784280505754
2531.png,-0.855403318658
2532.png,-0.731283703955
2533.png,-0.731281656125
2534.png,-0.696174678687
2535.png,-0.731282323043
2536.png,-0.67993918595
2537.png,-0.660805080563
2538.png,-0.608532968157
2539.png,-0.537567580121
2540.png,-0.502222135879
2541.png,-0.484695501913
2542.png,-0.449440723898
2543.png,-0.467695950318
2544.png,-0.396493806757
2545.png,-0.326008516062
2546.png,-0.308386452946
2547.png,-0.290763492458
2548.png,-0.274456926236
2549.png,-0.238011456198
2550.png,-0.215628828216
2551.png,-0.199489339606
2552.png,-0.173450021006
2553.png,-0.177319742763
2554.png,-0.125266428755
2555.png,-0.164607979554
2556.png,-0.110006127791
2557.png,-0.068003000286
2558.png,-0.0649084810713
2559.png,-0.03044098226
2560.png,-0.010048979729
2561.png,-0.0135560385504
2562.png,0.0423090982241
2563.png,0.0468340561926
2564.png,0.0474417324915
2565.png,0.0775290006025
2566.png,0.122454935374
2567.png,0.118948232608
2568.png,0.121934494597
2569.png,0.151783263268
2570.png,0.183448524478
2571.png,0.185188937701
2572.png,0.172823347657
2573.png,0.213161021639
2574.png,0.173995064085
2575.png,0.134293789202
2576.png,0.230677089424
2577.png,0.20667293099
2578.png,0.208240849874
2579.png,0.216617395817
2580.png,0.293107573054
2581.png,0.214747453055
2582.png,0.268890795946
2583.png,0.243327547633
2584.png,0.275676785326
2585.png,0.222986032613
2586.png,0.263490136525
2587.png,0.310944573037
2588.png,0.284790622366
2589.png,0.34214700866
2590.png,0.323933359018
2591.png,0.293961533163
2592.png,0.304094571385
2593.png,0.324982790621
2594.png,0.334795281782
2595.png,0.346174960519
2596.png,0.308675928535
2597.png,0.361217808505
2598.png,0.329516292266
2599.png,0.350329404943
2600.png,0.318086389254
2601.png,0.275360339409
2602.png,0.371112984687
2603.png,0.361418918989
2604.png,0.343927880893
2605.png,0.308999510623
2606.png,0.309234800527
2607.png,0.309234800527
2608.png,0.309234800527
2609.png,0.309509270752
2610.png,0.326913408185
2611.png,0.32687950691
2612.png,0.291218900463
2613.png,0.427127704911
2614.png,0.34254376517
2615.png,0.308521224516
2616.png,0.328574516648
2617.png,0.359511115766
2618.png,0.339568112418
2619.png,0.36773679108
2620.png,0.300181656071
2621.png,0.33777379037
2622.png,0.286548949263
2623.png,0.32116904988
2624.png,0.256248981552
2625.png,0.273927062067
2626.png,0.290760706602
2627.png,0.23858343893
2628.png,0.238067272545
2629.png,0.238283387585
2630.png,0.0440780907575
2631.png,0.220762853942
2632.png,0.238064360975
2633.png,0.202681738659
2634.png,0.221602535642
2635.png,0.220904444702
2636.png,0.22043202771
2637.png,0.167643035788
2638.png,0.220308211972
2639.png,0.0970666169654
2640.png,0.167433735648
2641.png,0.00883616839872
2642.png,0.00886933228963
2643.png,0.00886933228963
2644.png,0.00886933228963
2645.png,0.00886933228963
2646.png,0.175583500337
2647.png,0.0651919611398
2648.png,0.0787020737908
2649.png,0.00882821917741
2650.png,0.0969898821003
2651.png,0.044055079358
2652.png,0.0794422859084
2653.png,0.136925369969
2654.png,0.0440913351203
2655.png,-0.0088428304458
2656.png,0.00882673653277
2657.png,0.00882673653277
2658.png,0.00882673653277
2659.png,0.00882673653277
2660.png,0.00882673653277
2661.png,0.00882673653277
2662.png,0.00882673653277
2663.png,-0.0657607583885
2664.png,0.00882673653277
2665.png,0.00882673653277
2666.png,0.00882673653277
2667.png,0.00882673653277
2668.png,0.00882673653277
2669.png,0.00882673653277
2670.png,-0.114349776756
2671.png,-0.141145423619
2672.png,-0.264698661958
2673.png,-0.0629695884018
2674.png,-0.0573402473613
2675.png,-0.0511917717951
2676.png,0.000453398278397
2677.png,0.017070143888
2678.png,0.0432823104129
2679.png,0.0315880665461
2680.png,0.0168433016106
2681.png,0.0856385857718
2682.png,0.0824492799712
2683.png,-0.282025463485
2684.png,0.0928618826916
2685.png,0.111896600972
2686.png,0.106279911803
2687.png,0.1223942765
2688.png,0.161143659575
2689.png,0.155485195885
2690.png,0.171822804123
2691.png,0.175868069406
2692.png,0.183858608246
2693.png,0.162304641823
2694.png,-0.294551289767
2695.png,0.162779638004
2696.png,0.225454832152
2697.png,0.214658720492
2698.png,0.23197936111
2699.png,0.248008263166
2700.png,0.266540571733
2701.png,0.269056772915
2702.png,0.263400867226
2703.png,0.289938737467
2704.png,0.277602407733
2705.png,-0.300061919214
2706.png,0.286901747377
2707.png,0.321859490021
2708.png,0.336197504339
2709.png,0.322671832583
2710.png,0.322671832583
2711.png,0.317487842358
2712.png,0.345495569465
2713.png,0.321328231704
2714.png,0.32171882759
2715.png,0.34364461432
2716.png,-0.343736546562
2717.png,0.34199369013
2718.png,0.348372977215
2719.png,0.342776300264
2720.png,0.364935892807
2721.png,0.336398451213
2722.png,0.348321639533
2723.png,0.377235368256
2724.png,0.376945192706
2725.png,0.3627649132
2726.png,0.362325974548
2727.png,-0.361121167498
2728.png,0.361536001756
2729.png,0.186015188235
2730.png,0.349943974092
2731.png,0.36649760255
2732.png,0.345482895457
2733.png,0.365939570993
2734.png,0.35519167247
2735.png,0.366409309871
2736.png,0.376611569892
2737.png,0.368664072164
2738.png,-0.35588730745
2739.png,0.382405904998
2740.png,0.364302890236
2741.png,0.376510844109
2742.png,0.370477114658
2743.png,0.337583067353
2744.png,0.357859446791
2745.png,0.381264001616
2746.png,0.36415429712
2747.png,0.382162703638
2748.png,0.389782241109
2749.png,-0.385657233899
2750.png,0.41672675472
2751.png,0.382188475237
2752.png,0.399786744104
2753.png,0.380350787474
2754.png,0.094859274701
2755.png,0.390281401109
2756.png,0.413838436282
2757.png,0.429054400817
2758.png,0.402631755146
2759.png,0.400124550715
2760.png,-0.382493150614
2761.png,0.426465327958
2762.png,0.432217487703
2763.png,-0.724747614611
2764.png,0.00895291515382
2765.png,0.00897510861341
2766.png,0.00899849079428
2767.png,0.0089568186697
2768.png,0.0089568186697
2769.png,0.0089568186697
2770.png,0.0089568186697
2771.png,-0.388160673665
2772.png,0.00886933228963
2773.png,0.00884565500093
2774.png,0.00884565500093
2775.png,0.00884565500093
2776.png,-2.7645573303
2777.png,-2.93088068548
2778.png,-2.92068485189
2779.png,-2.9722726761
2780.png,-2.92068485189
2781.png,-2.94882829858
2782.png,-0.132541281329
2783.png,-0.42512514495
2784.png,-2.95547671629
2785.png,-2.94885205879
2786.png,-3.02426060255
2787.png,-2.94796806133
2788.png,-2.94037814809
2789.png,-3.04428853639
2790.png,-2.96711508759
2791.png,-2.858564277
2792.png,-2.94817734716
2793.png,-3.0385431564
2794.png,-0.419198138898
2795.png,-2.80498772224
2796.png,-2.98239135043
2797.png,-2.93521708764
2798.png,-2.90636583917
2799.png,-2.97408205405
2800.png,-2.79236101248
2801.png,-2.8429156844
2802.png,-2.86169370908
2803.png,-2.80121736465
2804.png,-2.87680146965
2805.png,-0.434594080303
2806.png,-2.86865806161
2807.png,-2.89742313159
2808.png,-2.96089230172
2809.png,-2.8263197385
2810.png,-2.96074822488
2811.png,-2.88499393514
2812.png,-2.86202499639
2813.png,-2.79388906008
2814.png,-2.9947156086
2815.png,-2.83663194818
2816.png,-0.424844851008
2817.png,-2.75992696452
2818.png,-2.72821635527
2819.png,-2.82925621517
2820.png,-2.76487841872
2821.png,-2.88520177491
2822.png,-2.75874732893
2823.png,-2.78286428125
2824.png,-2.7230783939
2825.png,-0.453948445284
2826.png,-2.7874935836
2827.png,-2.8060987425
2828.png,-2.79441517836
2829.png,-2.76068528892
2830.png,-2.65158661283
2831.png,-2.72853893563
2832.png,-2.65568349169
2833.png,-0.463416266551
2834.png,-2.63515078992
2835.png,-2.65907237218
2836.png,-2.50569929145
2837.png,-2.60397388468
2838.png,-2.63958548384
2839.png,-2.46282155394
2840.png,-2.23687025827
2841.png,-2.27729288987
2842.png,-2.2369360455
2843.png,-0.468024616461
2844.png,-2.47721604448
2845.png,-2.11776477536
2846.png,-2.15691189137
2847.png,-2.05215073476
2848.png,-1.98961833334
2849.png,-1.86995891795
2850.png,-1.92312410534
2851.png,-1.61291700511
2852.png,-1.45053328726
2853.png,-1.42837467305
2854.png,-0.464243809171
2855.png,-1.38105418643
2856.png,-1.26631973336
2857.png,-1.2599845125
2858.png,-1.2841317927
2859.png,-1.1385581688
2860.png,-1.19432487111
2861.png,-1.13647566882
2862.png,-1.10269122798
2863.png,-1.03420867106
2864.png,-1.02383525195
2865.png,-0.503693430601
2866.png,-0.927457786368
2867.png,-0.844941911534
2868.png,-0.837122390456
2869.png,-0.836990395387
2870.png,-0.802402668992
2871.png,-0.74901063268
2872.png,-0.678995615422
2873.png,-0.696148787097
2874.png,-0.643283258087
2875.png,-0.507766191824
2876.png,-0.681223104089
2877.png,-0.643281307559
2878.png,-0.537456738199
2879.png,-0.590558352076
2880.png,-0.503198321978
2881.png,-0.519923217505
2882.png,-0.466974098775
2883.png,-0.466974787442
2884.png,-0.466976256936
2885.png,-0.467168842528
2886.png,-0.149937249403
2887.png,-0.529053864073
2888.png,-0.449354326467
2889.png,-0.431732791539
2890.png,-0.378869552562
2891.png,-0.431918164285
2892.png,-0.449544543116
2893.png,-0.396491082587
2894.png,-0.3965576628
2895.png,-0.396554082211
2896.png,-0.414284042337
2897.png,-0.378870391138
2898.png,-0.502841571574
2899.png,-0.396491082587
2900.png,-0.3612484133
2901.png,-0.361247605721
2902.png,-0.396554082211
2903.png,-0.378928695211
2904.png,-0.343682700752
2905.png,-0.331948372866
2906.png,-0.344749361417
2907.png,-0.346058776146
2908.png,-0.332801188965
2909.png,-0.543351462702
2910.png,-0.337303735951
2911.png,-0.350764478002
2912.png,-0.333137215868
2913.png,-0.344103824356
2914.png,-0.325839153013
2915.png,-0.332830584783
2916.png,-0.315981459897
2917.png,-0.326720709103
2918.png,-0.328734120637
2919.png,-0.325279788851
2920.png,-0.554072694621
2921.png,-0.401676311791
2922.png,-0.31033697418
2923.png,-0.329144770447
2924.png,-0.316873404603
2925.png,-0.325261595465
2926.png,-0.320905996744
2927.png,-0.326837044541
2928.png,-0.326826889319
2929.png,-0.326598366069
2930.png,-0.326826889319
2931.png,-0.487130821021
2932.png,-0.29432855115
2933.png,-0.297127224042
2934.png,-0.312785429067
2935.png,-0.305496753879
2936.png,-0.281309169207
2937.png,-0.271411238947
2938.png,-0.281297586126
2939.png,-0.285365431683
2940.png,-0.288327691502
2941.png,-0.285775085086
2942.png,-0.604922277226
2943.png,-0.271556462257
2944.png,-0.239103228034
2945.png,-0.311371638327
2946.png,-0.281635355022
2947.png,-0.287086715596
2948.png,-0.317904811827
2949.png,-0.317904811827
2950.png,-0.300170867301
2951.png,-0.308652486495
2952.png,-0.261138904813
2953.png,-0.580127698729
2954.png,-0.275357653373
2955.png,-0.585167128971
2956.png,-0.608081475321
2957.png,-0.61520375786
2958.png,-0.139705958879
2959.png,-0.665867469041
2960.png,-0.667499910441
2961.png,-0.643627947253
2962.png,-0.589863323667
2963.png,-0.6122878368
2964.png,-0.592807083281
2965.png,-0.667432010691
2966.png,-0.673868852676
2967.png,-0.640614535292
2968.png,-0.663428220451
2969.png,-0.171577482274
2970.png,-0.639219223462
2971.png,-0.636052479296
2972.png,-0.638672334451
2973.png,-0.630064144064
2974.png,-0.625572352169
2975.png,-0.632827839075
2976.png,-0.627103890419
2977.png,-0.619551228225
2978.png,-0.63008213937
2979.png,-0.566255289319
2980.png,-0.202529323289
2981.png,-0.604405946823
2982.png,-0.604405946823
2983.png,-0.592525965993
2984.png,-0.661674526255
2985.png,-0.64489585571
2986.png,-0.533402715998
2987.png,-0.538907017657
2988.png,-0.540978316415
2989.png,-0.533239973419
2990.png,-0.496142693071
2991.png,-0.195483925648
2992.png,-0.501239070779
2993.png,-0.508938497911
2994.png,-0.482816674514
2995.png,-0.453910316143
2996.png,-0.428452553356
2997.png,-0.436146474701
2998.png,-0.383193160789
2999.png,-0.374475474246
3000.png,-0.387205837766
3001.png,-0.377460694807
3002.png,-0.211573318369
3003.png,-0.371457381538
3004.png,-0.345746562166
3005.png,-0.329967759775
3006.png,-0.336046181054
3007.png,-0.311647392843
3008.png,-0.26798032932
3009.png,-0.28221043827
3010.png,-0.25320482547
3011.png,-0.235431428164
3012.png,-0.239901425375
3013.png,-0.229371202994
3014.png,-0.17440534785
3015.png,-0.190380278832
3016.png,-0.191623712669
3017.png,-0.138666052666
3018.png,-0.12840693336
3019.png,-0.127992683421
3020.png,-0.135155413978
3021.png,-0.0846370355538
3022.png,-0.0550049041146
3023.png,-0.0501270802399
