0.png,0.003963
1.png,-0.003957
2.png,0.013655
3.png,-0.005002
4.png,-0.001668
5.png,0.000994
6.png,0.001868
7.png,-0.007029
8.png,0.00181
9.png,0.002107
10.png,-0.012296
11.png,0.00991
12.png,0.000291
13.png,-0.010552
14.png,0.005992
15.png,0.006088
16.png,0.000088
17.png,-0.007405
18.png,-0.001751
19.png,0.000126
20.png,-0.012495
21.png,-0.002379
22.png,0.000212
23.png,-0.001526
24.png,0.010815
25.png,0.001827
26.png,-0.00032
27.png,0.006303
28.png,-0.005901
29.png,-0.002516
30.png,0.000088
31.png,0.000088
32.png,-0.000432
33.png,-0.001779
34.png,0.001889
35.png,-0.004124
36.png,0.005627
37.png,0.000501
38.png,0.003146
39.png,0.000088
40.png,-0.002119
41.png,0.000886
42.png,0.009887
43.png,0.006016
44.png,-0.000805
45.png,-0.000933
46.png,0.000088
47.png,-0.000559
48.png,0.000088
49.png,-0.00249
50.png,0.000088
51.png,-0.013319
52.png,0.00179
53.png,-0.000768
54.png,0.003517
55.png,-0.000214
56.png,-0.000586
57.png,-0.00046
58.png,-0.00661
59.png,-0.000296
60.png,-0.00057
61.png,0.000829
62.png,-0.002332
63.png,0.000088
64.png,-0.002514
65.png,0.00236
66.png,0.005987
67.png,-0.006348
68.png,-0.001942
69.png,0.000088
70.png,0.009265
71.png,-0.002761
72.png,0.000028
73.png,0.00882
74.png,-0.008447
75.png,0.000088
76.png,0.000088
77.png,-0.007766
78.png,-0.004985
79.png,0.003429
80.png,-0.013213
81.png,-0.018401
82.png,-0.003341
83.png,0.00404
84.png,0.002489
85.png,-0.007787
86.png,0.007229
87.png,0.008604
88.png,0.008931
89.png,-0.004733
90.png,-0.009585
91.png,-0.004291
92.png,-0.002268
93.png,0.001049
94.png,0.000136
95.png,0.007477
96.png,0.010281
97.png,-0.000903
98.png,0.009891
99.png,0.003709
100.png,0.003123
101.png,0.013113
102.png,0.000088
103.png,-0.001123
104.png,0.000088
105.png,-0.000177
106.png,0.000088
107.png,-0.000141
108.png,0.004118
109.png,0.008772
110.png,0.001803
111.png,-0.00094
112.png,0.000527
113.png,0.000088
114.png,0.005245
115.png,0.000088
116.png,0.000249
117.png,0.000088
118.png,-0.004996
119.png,0.00434
120.png,0.000678
121.png,-0.009589
122.png,0.000911
123.png,0.006171
124.png,0.011907
125.png,-0.000234
126.png,0.000344
127.png,-0.005038
128.png,0.004071
129.png,-0.00091
130.png,0.007402
131.png,-0.015684
132.png,0.005391
133.png,-0.009615
134.png,-0.000834
135.png,-0.007178
136.png,-0.003129
137.png,0.00062
138.png,0.00212
139.png,-0.011155
140.png,-0.004865
141.png,0.015456
142.png,0.011183
143.png,0.000706
144.png,-0.002912
145.png,-0.003044
146.png,0.000088
147.png,0.000088
148.png,-0.00148
149.png,-0.000694
150.png,-0.001961
151.png,-0.003564
152.png,0.015825
153.png,0.000088
154.png,0.003119
155.png,0.001696
156.png,0.015259
157.png,0.014408
158.png,0.002284
159.png,-0.000865
160.png,-0.002295
161.png,-0.001728
162.png,0.001876
163.png,-0.00051
164.png,0.000088
165.png,0.003256
166.png,0.005779
167.png,0.002187
168.png,0.001893
169.png,0.000088
170.png,0.007967
171.png,0.006356
172.png,-0.001401
173.png,-0.005301
174.png,0.00052
175.png,0.016035
176.png,0.015837
177.png,0.000088
178.png,0.003262
179.png,-0.002514
180.png,0.000952
181.png,0.001607
182.png,-0.002447
183.png,-0.00072
184.png,-0.011676
185.png,0.015381
186.png,0.008102
187.png,0.007289
188.png,0.013588
189.png,0.000088
190.png,-0.017632
191.png,0.009397
192.png,-0.00279
193.png,0.010901
194.png,0.008107
195.png,0.000998
196.png,0.001868
197.png,0.000947
198.png,0.003808
199.png,-0.005125
200.png,-0.015253
201.png,0.00604
202.png,-0.002758
203.png,0.000088
204.png,0.001001
205.png,0.000088
206.png,-0.002015
207.png,-0.000192
208.png,0.000088
209.png,0.000088
210.png,0.006908
211.png,-0.014887
212.png,0.000341
213.png,-0.005981
214.png,0.000088
215.png,0.001842
216.png,-0.013518
217.png,0.00386
218.png,0.000104
219.png,0.014052
220.png,-0.002417
221.png,-0.001098
222.png,0.005102
223.png,0.000088
224.png,0.017406
225.png,-0.000988
226.png,0.000163
227.png,0.005719
228.png,0.014086
229.png,0.000996
230.png,0.00096
231.png,-0.0087
232.png,0.003266
233.png,0.001038
234.png,-0.01031
235.png,0.014013
236.png,0.016959
237.png,-0.002109
238.png,-0.002006
239.png,-0.000793
240.png,-0.020953
241.png,0.000191
242.png,0.000088
243.png,-0.010552
244.png,0.003125
245.png,0.010663
246.png,-0.010776
247.png,0.001073
248.png,0.000775
249.png,-0.002271
250.png,0.000541
251.png,-0.002069
252.png,0.000513
253.png,-0.002881
254.png,0.001247
255.png,0
256.png,0.00696
257.png,-0.001545
258.png,-0.002121
259.png,0.004112
260.png,-0.013602
261.png,0.003512
262.png,0.005067
263.png,0.002236
264.png,0.000088
265.png,-0.00407
266.png,-0.000164
267.png,0.002266
268.png,-0.010503
269.png,0.009297
270.png,-0.007898
271.png,0.003787
272.png,0.006118
273.png,-0.017106
274.png,0.00478
275.png,0.002732
276.png,0.006637
277.png,0.000088
278.png,0.00478
279.png,-0.005932
280.png,0.000088
281.png,0.012852
282.png,0.015169
283.png,0.004955
284.png,0.000088
285.png,0.004824
286.png,-0.002771
287.png,-0.001913
288.png,-0.003841
289.png,-0.006218
290.png,-0.005102
291.png,-0.010394
292.png,0.001466
293.png,-0.008225
294.png,0.000088
295.png,-0.001563
296.png,0.000283
297.png,-0.000129
298.png,-0.017195
299.png,0.006157
300.png,-0.003226
301.png,0.014702
302.png,0.013869
303.png,0.010915
304.png,-0.007584
305.png,0.004455
306.png,0.005025
307.png,-0.02261
308.png,-0.00898
309.png,0.004431
310.png,0.00362
311.png,-0.004142
312.png,-0.010718
313.png,-0.003652
314.png,-0.002745
315.png,-0.016023
316.png,0.009296
317.png,0.014846
318.png,0.000088
319.png,0.00032
320.png,-0.008685
321.png,-0.01265
322.png,0.001354
323.png,0.00098
324.png,-0.000525
325.png,0.01327
326.png,0.000088
327.png,-0.001173
328.png,-0.018378
329.png,0.013291
330.png,-0.018692
331.png,-0.00385
332.png,0.016164
333.png,-0.019586
334.png,-0.003678
335.png,-0.023299
336.png,0.004263
337.png,-0.013368
338.png,0.000337
339.png,-0.001602
340.png,0.009842
341.png,0.014765
342.png,0.012554
343.png,-0.001646
344.png,0.009364
345.png,0.005563
346.png,-0.006015
347.png,0.014901
348.png,0.01645
349.png,0.009458
350.png,-0.011958
351.png,0.000088
352.png,-0.013852
353.png,0.001279
354.png,-0.007549
355.png,-0.010087
356.png,-0.005666
357.png,0.012048
358.png,-0.008439
359.png,0.008288
360.png,-0.002114
361.png,0.002968
362.png,-0.003459
363.png,0.017588
364.png,-0.016038
365.png,0.014482
366.png,-0.014206
367.png,0.000088
368.png,-0.003693
369.png,0.000088
370.png,0.002505
371.png,0.013086
372.png,0.000088
373.png,0.004235
374.png,0.000088
375.png,0.001306
376.png,0.008495
377.png,0.000088
378.png,-0.019213
379.png,0.000088
380.png,-0.000833
381.png,0.000799
382.png,0.010471
383.png,0.000088
384.png,0.003249
385.png,0.008777
386.png,-0.001523
387.png,0.005604
388.png,-0.012404
389.png,0.007501
390.png,0.012027
391.png,0.005131
392.png,-0.004754
393.png,-0.004428
394.png,0.014702
395.png,0.005327
396.png,-0.004907
397.png,0.00844
398.png,-0.005123
399.png,0.007549
400.png,0.002764
401.png,0.007246
402.png,-0.001846
403.png,-0.000061
404.png,-0.008138
405.png,0.000088
406.png,0.001219
407.png,0.000089
408.png,0.009329
409.png,0.001441
410.png,0.009558
411.png,0.005758
412.png,-0.013649
413.png,0.005405
414.png,0.003736
415.png,0.005026
416.png,0.006474
417.png,0.010762
418.png,-0.010904
419.png,-0.006387
420.png,0.001632
421.png,0.003374
422.png,0.003746
423.png,0.005711
424.png,0.003254
425.png,0.00391
426.png,0.0052
427.png,0.0037
428.png,0.003342
429.png,0.003382
430.png,0.004921
431.png,-0.000532
432.png,0.007397
433.png,-0.001009
434.png,-0.005845
435.png,0.001727
436.png,0.003867
437.png,0.000474
438.png,-0.00355
439.png,0.012121
440.png,0.000088
441.png,-0.006564
442.png,0.000088
443.png,0.004784
444.png,0.01618
445.png,0.015855
446.png,-0.000845
447.png,-0.007494
448.png,-0.005607
449.png,-0.005872
450.png,0.000088
451.png,0.015478
452.png,-0.008921
453.png,-0.006209
454.png,-0.010645
455.png,-0.00154
456.png,0.004434
457.png,0.007434
458.png,-0.007769
459.png,0.000173
460.png,0.002905
461.png,0.000088
462.png,0.002984
463.png,-0.013267
464.png,0.003071
465.png,0.000088
466.png,0.000088
467.png,-0.00146
468.png,-0.00154
469.png,-0.007411
470.png,0.004915
471.png,0.000088
472.png,0.010035
473.png,-0.024223
474.png,0.004484
475.png,0.006488
476.png,0.00533
477.png,0.004174
478.png,0.005989
479.png,0.003523
480.png,-0.000495
481.png,-0.008731
482.png,-0.018134
483.png,0.010127
484.png,-0.003422
485.png,0.004355
486.png,0.007133
487.png,0.005632
488.png,0.005526
489.png,0.001431
490.png,0.000088
491.png,0.010215
492.png,0.000088
493.png,0.000088
494.png,0.000088
495.png,0.003588
496.png,0.000088
497.png,0.005167
498.png,0.003623
499.png,0.000088
500.png,0.000088
501.png,-0.003288
502.png,-0.000169
503.png,0.000766
504.png,0.000566
505.png,-0.003098
506.png,-0.004287
507.png,-0.013313
508.png,0.005265
509.png,0.004761
510.png,-0.006637
511.png,-0.003822
512.png,-0.001394
513.png,0.000088
514.png,0.000932
515.png,0.00446
516.png,0.011731
517.png,-0.000638
518.png,0.000088
519.png,0.006595
520.png,0.003145
521.png,0.00323
522.png,0.001412
523.png,0.006479
524.png,0.00359
525.png,0.015212
526.png,-0.001005
527.png,0.008988
528.png,-0.001209
529.png,0.0078
530.png,0.012365
531.png,-0.005694
532.png,0.000088
533.png,0.006099
534.png,0.010114
535.png,0.00949
536.png,-0.003569
537.png,0.010364
538.png,-0.006995
539.png,-0.007101
540.png,-0.007716
541.png,-0.00108
542.png,0.014897
543.png,0.005061
544.png,0.00391
545.png,0.003973
546.png,0.000851
547.png,0.000638
548.png,0.003285
549.png,-0.003577
550.png,0.003538
551.png,0.00245
552.png,0.000088
553.png,0.000315
554.png,0.001837
555.png,0.007566
556.png,0.00005
557.png,-0.00083
558.png,0.004743
559.png,-0.00547
560.png,0.006481
561.png,-0.014686
562.png,0.005847
563.png,0.004785
564.png,0.004867
565.png,0.002456
566.png,0.003489
567.png,0.004224
568.png,0.004838
569.png,0.003565
570.png,0.005252
571.png,-0.006592
572.png,0.000289
573.png,0.003953
574.png,0.002709
575.png,0.009397
576.png,0.003672
577.png,-0.009031
578.png,-0.008046
579.png,-0.006604
580.png,-0.001451
581.png,0.001984
582.png,0.003147
583.png,-0.000026
584.png,0.000088
585.png,0.000088
586.png,0.003589
587.png,0.004414
588.png,0.000088
589.png,0.000088
590.png,-0.001829
591.png,0.001195
592.png,0.003441
593.png,0.002332
594.png,0.004372
595.png,0.006402
596.png,0.004876
597.png,0.000088
598.png,0.000088
599.png,0.000088
600.png,0.011664
601.png,0.003079
602.png,0.000842
603.png,0.00294
604.png,0.00198
605.png,0.002247
606.png,-0.006246
607.png,0.007985
608.png,0.00216
609.png,0.003219
610.png,0.002124
611.png,0.005606
612.png,0.001637
613.png,0.002249
614.png,-0.011653
615.png,-0.008717
616.png,-0.001271
617.png,-0.009658
618.png,0.001105
619.png,-0.002819
620.png,0.003319
621.png,0.001474
622.png,-0.00567
623.png,-0.001981
624.png,-0.004195
625.png,-0.010552
626.png,-0.003085
627.png,-0.010522
628.png,-0.000228
629.png,-0.001866
630.png,-0.008021
631.png,0.010319
632.png,-0.00007
633.png,0.004186
634.png,-0.003341
635.png,-0.010255
636.png,-0.013088
637.png,0.000088
638.png,0.003734
639.png,-0.001322
640.png,-0.003426
641.png,-0.001407
642.png,0.000088
643.png,0.000405
644.png,-0.002622
645.png,0.00062
646.png,0.000088
647.png,0.01925
648.png,-0.00031
649.png,0.002887
650.png,0.000271
651.png,0.000088
652.png,0.000088
653.png,0.005834
654.png,-0.002673
655.png,-0.014493
656.png,0.003472
657.png,0.001645
658.png,0.001004
659.png,-0.000655
660.png,0.000088
662.png,0.001034
663.png,-0.002629
664.png,0.00275
665.png,0.004002
666.png,0.003694
667.png,0.000537
668.png,0.001436
669.png,0.000088
670.png,0.000336
671.png,0.002243
672.png,0.000088
673.png,0.003266
674.png,0.016709
675.png,-0.001176
676.png,-0.011347
677.png,-0.000441
678.png,0.000088
679.png,0.000538
680.png,0.000088
681.png,-0.006339
682.png,-0.016265
683.png,-0.007805
684.png,-0.003978
685.png,0.000088
686.png,-0.002985
687.png,0.011613
688.png,0.0046
689.png,-0.022736
690.png,0.001728
691.png,-0.001307
692.png,0.000088
693.png,-0.001881
694.png,0.000088
695.png,0.000221
696.png,0.000088
697.png,0.000088
698.png,0.004678
699.png,-0.015076
700.png,0.000088
701.png,0.000639
702.png,0.001609
703.png,0.008718
704.png,0.019898
705.png,0.000088
706.png,0.003578
707.png,0.005981
708.png,0.000587
709.png,-0.011741
710.png,0.001625
711.png,-0.018842
712.png,-0.005126
713.png,0.001951
714.png,-0.000912
715.png,-0.006475
716.png,0.007827
717.png,-0.001437
718.png,-0.000779
719.png,-0.000865
720.png,0.001116
721.png,0.003336
722.png,0.002885
723.png,0.000314
724.png,0.002697
725.png,-0.001707
726.png,-0.003167
727.png,0.000743
728.png,-0.011795
729.png,0.000088
730.png,-0.008471
731.png,-0.020808
732.png,0.019987
733.png,0.000088
734.png,-0.015263
735.png,-0.000144
736.png,-0.00014
737.png,0.006121
738.png,-0.000176
739.png,0.000088
740.png,-0.000281
741.png,0.009104
742.png,0.000088
743.png,-0.002211
744.png,0.011802
745.png,-0.002895
746.png,-0.004009
747.png,-0.00244
748.png,0.00881
749.png,0.004488
750.png,0.000088
751.png,-0.000988
752.png,0.003597
753.png,-0.000107
754.png,0.002906
755.png,0.000088
756.png,0.001622
757.png,0.000088
758.png,-0.003138
759.png,0.000088
760.png,0.007316
761.png,-0.00299
762.png,0.006262
763.png,-0.003965
764.png,-0.011379
765.png,0.000088
766.png,0.002638
767.png,-0.002831
768.png,0.006223
769.png,0.000088
770.png,0.013999
771.png,0.000088
772.png,-0.001446
773.png,-0.010684
774.png,-0.014175
775.png,-0.006762
776.png,0.000331
777.png,-0.00354
778.png,-0.003299
779.png,-0.00027
780.png,0.003889
781.png,0.003794
782.png,0.000088
783.png,-0.006318
784.png,0.0001
785.png,0.012532
786.png,0.001047
787.png,-0.017241
788.png,0.001555
789.png,0.004189
790.png,0.000088
791.png,0.000088
792.png,-0.010918
793.png,-0.015097
794.png,-0.002041
795.png,0.008932
796.png,-0.000232
797.png,0.000088
798.png,0.003544
799.png,0.006634
800.png,-0.005198
801.png,0.009174
802.png,-0.011136
803.png,0.002455
804.png,-0.017072
805.png,0.009278
806.png,0.000182
807.png,0.003414
808.png,-0.001233
809.png,0.000262
810.png,0.004875
811.png,0
812.png,0.002826
813.png,0.002616
814.png,0.001868
815.png,0.005717
816.png,0.003084
817.png,-0.002055
818.png,0.005135
819.png,-0.000118
820.png,-0.000571
821.png,-0.016816
822.png,-0.003186
823.png,0.000088
824.png,-0.004868
825.png,-0.004173
826.png,-0.00062
827.png,-0.011247
828.png,-0.013828
829.png,0.000088
830.png,0.00918
831.png,0.008109
832.png,0.000088
833.png,0.014015
834.png,-0.009568
835.png,0.000088
836.png,0.000088
837.png,0.005711
838.png,-0.007376
839.png,0.004319
840.png,0.002381
841.png,0.000088
842.png,0.000971
843.png,0.00093
844.png,0.000487
845.png,0.0008
846.png,0.000462
847.png,-0.001112
848.png,-0.00061
849.png,0.000088
850.png,0.000244
851.png,0.004408
852.png,0.000088
853.png,0.006103
854.png,-0.003336
855.png,-0.001331
856.png,0.000088
857.png,-0.010382
858.png,0.004129
859.png,-0.005102
860.png,0.00076
861.png,0.002337
862.png,-0.006575
863.png,0.001508
864.png,0.000945
865.png,-0.001214
866.png,0.003632
867.png,0.003618
868.png,-0.003753
869.png,-0.00153
870.png,-0.002101
871.png,0.003626
872.png,0.01753
873.png,-0.008104
874.png,-0.002784
875.png,0.010909
876.png,0.000088
877.png,-0.000881
878.png,-0.021013
879.png,-0.000285
880.png,-0.019191
881.png,-0.001091
882.png,0.011906
883.png,0.015093
884.png,0.000668
885.png,-0.001175
886.png,-0.021523
887.png,-0.012802
888.png,0.001158
889.png,-0.000462
890.png,-0.002894
891.png,0.003466
892.png,0.009061
893.png,-0.000489
894.png,0.014183
895.png,-0.015778
896.png,0.00024
897.png,0.000088
898.png,-0.004308
899.png,-0.009476
900.png,-0.000808
901.png,-0.011667
902.png,-0.000081
903.png,0.000549
904.png,0.000133
905.png,0.00578
906.png,0.00455
907.png,0.000088
908.png,-0.001697
909.png,-0.0039
910.png,-0.001969
911.png,0.000983
912.png,0.000088
913.png,-0.00623
914.png,0.003347
915.png,-0.000463
916.png,-0.000514
917.png,0.000088
918.png,-0.004862
919.png,0.000475
920.png,0.00142
921.png,-0.000749
922.png,0.00623
923.png,0.000088
924.png,0.005443
925.png,0.000088
926.png,-0.011517
927.png,0.000088
928.png,0.005194
929.png,0.007086
930.png,-0.00536
931.png,0.002741
932.png,-0.007841
933.png,0.003562
934.png,0.000088
935.png,0.018509
936.png,-0.003051
937.png,0.006219
938.png,-0.000253
939.png,0.001476
940.png,0.000088
941.png,0.000088
942.png,0.000491
943.png,-0.005543
944.png,-0.022676
945.png,0.000088
946.png,0.017592
947.png,-0.001328
948.png,0.000088
949.png,0.000088
950.png,-0.01039
951.png,0.000088
952.png,0.014979
953.png,0.000088
954.png,0.000681
955.png,0.000403
956.png,-0.005267
957.png,0.008061
958.png,-0.005542
959.png,0.000088
960.png,-0.002627
961.png,-0.013304
962.png,-0.016123
963.png,-0.001561
964.png,-0.001954
965.png,-0.003239
966.png,-0.004831
967.png,-0.006432
968.png,-0.006496
969.png,-0.008546
970.png,-0.010485
971.png,-0.0067
972.png,-0.007897
973.png,-0.009185
974.png,-0.009621
975.png,-0.007333
976.png,-0.00679
977.png,-0.005611
978.png,-0.00412
979.png,-0.001684
980.png,0.000986
981.png,0.004052
982.png,0.006609
983.png,0.010289
984.png,0.01064
985.png,0.012775
986.png,0.011718
987.png,0.007489
988.png,0.006784
989.png,0.006784
990.png,0.00696
991.png,0.00504
992.png,0.001459
993.png,-0.000716
994.png,-0.002907
995.png,-0.002379
996.png,-0.002379
997.png,-0.004846
998.png,-0.006608
999.png,-0.005198
1000.png,-0.00467
1001.png,-0.002379
1002.png,0.000422
1003.png,0.002438
1004.png,0.005551
1005.png,0.007489
1006.png,0.008722
1007.png,0.007027
1008.png,0.006174
1009.png,0.004211
1010.png,0.002731
1011.png,0.001515
1012.png,0.000088
1013.png,-0.001498
1014.png,-0.002907
1015.png,-0.004141
1016.png,-0.005488
1017.png,-0.005727
1018.png,-0.005727
1019.png,-0.003419
1020.png,-0.002512
1021.png,-0.001658
1022.png,-0.000215
1023.png,0.001115
1024.png,0.002732
1025.png,0.004053
1026.png,0.00442
1027.png,0.005903
1028.png,0.005198
1029.png,0.006224
1030.png,0.002745
1031.png,-0.001674
1032.png,-0.004141
1033.png,-0.006784
1034.png,-0.008546
1035.png,-0.00978
1036.png,0.005502
1037.png,0.002107
1038.png,0.000494
1039.png,0.000017
1040.png,0
1041.png,0.00058
1042.png,0.001069
1043.png,0.001366
1044.png,0.00002
1045.png,-0.002083
1046.png,-0.00433
1047.png,-0.005166
1048.png,-0.003965
1049.png,-0.000292
1050.png,0.001145
1051.png,0.003965
1052.png,0.005903
1053.png,0.007443
1054.png,0.008646
1055.png,0.006256
1056.png,0.001498
1057.png,-0.001302
1058.png,-0.004861
1059.png,-0.003612
1060.png,-0.001755
1061.png,-0.000263
1062.png,0.000566
1063.png,0.00324
1064.png,0.004537
1065.png,0.005486
1066.png,0.004805
1067.png,0.002628
1068.png,0.000919
1069.png,0.000185
1070.png,-0.000162
1071.png,0.000815
1072.png,-0.000085
1073.png,0.001376
1074.png,0.000088
1075.png,0.000088
1076.png,-0.0039
1077.png,0.004846
1078.png,0.01859
1079.png,-0.018062
1080.png,-0.005198
1081.png,0.004317
1082.png,0.017004
1083.png,0.019471
1084.png,-0.000441
1085.png,0.019119
1086.png,0.019119
1087.png,0.010308
1088.png,-0.000793
1089.png,-0.003965
1090.png,-0.00467
1091.png,-0.003084
1092.png,-0.001322
1093.png,0.001322
1094.png,0.001674
1095.png,-0.018943
1096.png,-0.007253
1097.png,-0.011894
1098.png,-0.009427
1099.png,-0.00467
1100.png,0.006608
1101.png,-0.009075
1102.png,-0.01348
1103.png,0.00175
1104.png,0.002907
1105.png,-0.014714
1106.png,-0.004832
1107.png,0.001145
1108.png,-0.006289
1109.png,0.001322
1110.png,0.000441
1111.png,-0.003055
1112.png,-0.005115
1113.png,0.019648
1114.png,-0.005551
1115.png,-0.005903
1116.png,-0.004493
1117.png,-0.004846
1118.png,-0.003197
1119.png,-0.002339
1120.png,-0.0013
1121.png,0.000518
1122.png,0.000088
1123.png,0.000793
1124.png,0.000441
1125.png,0.000793
1126.png,-0.000934
1127.png,0.000793
1128.png,0.000264
1129.png,0.000969
1130.png,0.000969
1131.png,-0.006432
1132.png,-0.00696
1133.png,-0.007137
1134.png,-0.005198
1135.png,-0.00326
1136.png,-0.002555
1137.png,-0.002632
1138.png,-0.005551
1139.png,0.007665
1140.png,-0.002634
1141.png,0.000654
1142.png,0.012348
1143.png,-0.019295
1144.png,-0.010485
1145.png,0.000088
1146.png,0.003789
1147.png,0.003789
1148.png,0.00185
1149.png,-0.001145
1150.png,-0.002555
1151.png,-0.001145
1152.png,0.000088
1153.png,0.000441
1154.png,0.001498
1155.png,0.002026
1156.png,0.002731
1157.png,0.002203
1158.png,0.001322
1159.png,0.002203
1160.png,0.001674
1161.png,0.003612
1162.png,0.00978
1163.png,0.000088
1164.png,-0.003765
1165.png,0.004846
1166.png,0.005198
1167.png,0.007137
1168.png,-0.010661
1169.png,0.000088
1170.png,0.000088
1171.png,0.011366
1172.png,0.000088
1173.png,-0.017357
1174.png,-0.018943
1175.png,-0.00185
1176.png,-0.002555
1177.png,-0.002203
1178.png,-0.002026
1179.png,-0.001145
1180.png,0.000088
1181.png,0.000088
1182.png,0.000969
1183.png,0.000617
1184.png,0.003965
1185.png,0.00978
1186.png,0.011189
1187.png,0.010485
1188.png,-0.013128
1189.png,-0.006202
1190.png,-0.001549
1191.png,0.000513
1192.png,0.001333
1193.png,-0.000122
1194.png,-0.00144
1195.png,-0.003436
1196.png,-0.003502
1197.png,-0.00197
1198.png,-0.002907
1199.png,0.001777
1200.png,0.004866
1201.png,0.002527
1202.png,-0.000624
1203.png,-0.002781
1204.png,-0.002555
1205.png,-0.002203
1206.png,0.000071
1207.png,-0.000562
1208.png,-0.001322
1209.png,-0.000503
1210.png,-0.000149
1211.png,-0.001498
1212.png,-0.000294
1213.png,-0.000247
1214.png,-0.000213
1215.png,0.000214
1216.png,0.000989
1217.png,0.000468
1218.png,0.000441
1219.png,0.001253
1220.png,-0.000088
1221.png,0.000088
1222.png,-0.000264
1223.png,-0.001674
1224.png,-0.008899
1225.png,-0.018943
1226.png,0.003789
1227.png,-0.002555
1228.png,-0.009956
1229.png,-0.002379
1230.png,-0.011718
1231.png,-0.006784
1232.png,-0.005374
1233.png,0.019648
1234.png,0.015242
1235.png,0.008546
1236.png,0.002379
1237.png,-0.002026
1238.png,-0.006432
1239.png,-0.006784
1240.png,-0.001283
1241.png,-0.002379
1242.png,-0.003789
1243.png,-0.005374
1244.png,-0.007489
1245.png,-0.00467
1246.png,-0.002455
1247.png,0.006359
1248.png,0.000088
1249.png,-0.008899
1250.png,0.002099
1251.png,0.001416
1252.png,0.00146
1253.png,0.001055
1254.png,-0.000081
1255.png,0.001868
1256.png,0.000088
1257.png,-0.000617
1258.png,0.000264
1259.png,-0.005979
1260.png,0.015483
1261.png,0.007173
1262.png,0.00736
1263.png,0.005121
1264.png,0.007665
1265.png,0.008899
1266.png,0.010308
1267.png,0.011189
1268.png,0.013304
1269.png,-0.009251
1270.png,-0.000254
1271.png,0.0006
1272.png,0.001651
1273.png,0.002712
1274.png,0.002215
1275.png,0.002455
1276.png,0.002462
1277.png,0.002509
1278.png,0.008018
1279.png,0.005727
1280.png,0.003612
1281.png,0.002203
1282.png,-0.000154
1283.png,-0.002379
1284.png,-0.006608
1285.png,0.009604
1286.png,0.002379
1287.png,-0.002203
1288.png,-0.003084
1289.png,-0.001454
1290.png,-0.004317
1291.png,0.000515
1292.png,-0.000793
1293.png,-0.001498
1294.png,0.000088
1295.png,-0.014703
1296.png,-0.005198
1297.png,-0.003084
1298.png,-0.000793
1299.png,-0.000264
1300.png,-0.001498
1301.png,-0.003789
1302.png,-0.005022
1303.png,-0.004846
1304.png,-0.004493
1305.png,-0.000969
1306.png,-0.004317
1307.png,-0.003965
1308.png,-0.003436
1309.png,-0.003789
1310.png,-0.003436
1311.png,-0.002555
1312.png,-0.002379
1313.png,-0.002379
1314.png,-0.002203
1315.png,-0.001674
1316.png,-0.000441
1317.png,-0.000969
1318.png,-0.000969
1319.png,-0.000969
1320.png,-0.000969
1321.png,0.000306
1322.png,0.001079
1323.png,-0.000969
1324.png,-0.000441
1325.png,-0.000264
1326.png,-0.000441
1327.png,0.000088
1328.png,0.000969
1329.png,0.000969
1330.png,0.000088
1331.png,-0.000088
1332.png,0.000264
1333.png,0.000264
1334.png,0.000264
1335.png,0.001145
1336.png,0.003965
1337.png,-0.000264
1338.png,-0.00978
1339.png,-0.009574
1340.png,0.000088
1341.png,-0.016476
1342.png,-0.007137
1343.png,-0.002026
1344.png,-0.002026
1345.png,-0.002026
1346.png,-0.000969
1347.png,0.004317
1348.png,0.004317
1349.png,-0.003549
1350.png,-0.00696
1351.png,-0.008261
1352.png,-0.008194
1353.png,-0.000441
1354.png,-0.007665
1355.png,-0.006079
1356.png,-0.004141
1357.png,-0.00185
1358.png,0.000969
1359.png,0.003084
1360.png,0.00185
1361.png,0.001455
1362.png,0.000339
1363.png,-0.000375
1364.png,-0.000793
1365.png,-0.002026
1366.png,-0.003965
1367.png,-0.00467
1368.png,-0.006256
1369.png,-0.006079
1370.png,-0.001322
1371.png,0.006256
1372.png,-0.004317
1373.png,-0.019119
1374.png,-0.008546
1375.png,-0.001145
1376.png,0.005374
1377.png,0.012599
1378.png,-0.000533
1379.png,-0.000517
1380.png,-0.00185
1381.png,0.001263
1382.png,0.001071
1383.png,0.001629
1384.png,0.000088
1385.png,0.001602
1386.png,0.000088
1387.png,0.000088
1388.png,0.000264
1389.png,0.000264
1390.png,0.000264
1391.png,-0.002379
1392.png,0.001739
1393.png,0.001695
1394.png,0.001814
1395.png,0.001497
1396.png,0.001797
1397.png,0.001583
1398.png,0.001791
1399.png,0.0018
1400.png,0.002053
1401.png,0.002034
1402.png,-0.001096
1403.png,0.00207
1404.png,0.002073
1405.png,0.000617
1406.png,0.002047
1407.png,0.002252
1408.png,0.000969
1409.png,0.000969
1410.png,0.002339
1411.png,0.002222
1412.png,0.002569
1413.png,-0.000899
1414.png,0.003235
1415.png,0.002336
1416.png,0.002466
1417.png,0.002413
1418.png,0.003411
1419.png,0.003365
1420.png,0.002784
1421.png,0.002668
1422.png,0.002658
1423.png,0.00353
1424.png,-0.001023
1425.png,0.002555
1426.png,0.002775
1427.png,0.00287
1428.png,0.00297
1429.png,0.002799
1430.png,0.003096
1431.png,0.003118
1432.png,0.003079
1433.png,0.003148
1434.png,0.003154
1435.png,-0.000963
1436.png,0.003109
1437.png,0.002647
1438.png,0.003052
1439.png,0.003361
1440.png,0.00298
1441.png,0.002795
1442.png,0.003101
1443.png,0.00301
1444.png,0.003011
1445.png,0.003041
1446.png,-0.001072
1447.png,0.003201
1448.png,0.003467
1449.png,0.002378
1450.png,0.002555
1451.png,0.005113
1452.png,0.002026
1453.png,0.00185
1454.png,0.002555
1455.png,0.002379
1456.png,0.002907
1457.png,-0.001109
1458.png,0.003436
1459.png,0.002731
1460.png,0.003436
1461.png,0.00326
1462.png,0.004241
1463.png,0.003436
1464.png,0.004503
1465.png,0.004636
1466.png,0.006121
1467.png,0.004433
1468.png,-0.000866
1469.png,0.005332
1470.png,0.004368
1471.png,0.004151
1472.png,0.004533
1473.png,0.004348
1474.png,0.004527
1475.png,0.004494
1476.png,0.004508
1477.png,0.004803
1478.png,0.004774
1479.png,-0.001171
1480.png,0.004501
1481.png,0.004538
1482.png,0.00452
1483.png,0.006259
1484.png,0.004931
1485.png,0.006441
1486.png,0.00326
1487.png,0.004317
1488.png,0.00467
1489.png,0.005049
1490.png,-0.000554
1491.png,-0.002555
1492.png,0.005171
1493.png,0.004493
1494.png,0.005025
1495.png,0.006467
1496.png,0.006992
1497.png,0.005366
1498.png,0.005274
1499.png,0.005159
1500.png,0.004317
1501.png,0.00529
1502.png,-0.001309
1503.png,0.005619
1504.png,0.005572
1505.png,0.005479
1506.png,0.005007
1507.png,0.004031
1508.png,0.003947
1509.png,0.0054
1510.png,0.004171
1511.png,0.006489
1512.png,0.005922
1513.png,-0.001076
1514.png,0.005905
1515.png,0.005793
1516.png,0.005935
1517.png,0.006079
1518.png,0.004012
1519.png,0.005431
1520.png,0.005994
1521.png,0.004544
1522.png,0.006254
1523.png,0.006193
1524.png,-0.001198
1525.png,0.005769
1526.png,0.005903
1527.png,0.005775
1528.png,0.005869
1529.png,0.006135
1530.png,0.005869
1531.png,0.005838
1532.png,0.005822
1533.png,0.005942
1534.png,0.005775
1535.png,-0.002379
1536.png,0.005696
1537.png,0.005923
1538.png,0.005653
1539.png,0.005313
1540.png,0.005301
1541.png,0.005084
1542.png,0.004941
1543.png,0.006706
1544.png,0.003965
1545.png,0.005788
1546.png,-0.002026
1547.png,0.005058
1548.png,0.004758
1549.png,0.00467
1550.png,0.004888
1551.png,0.004603
1552.png,0.004373
1553.png,0.003993
1554.png,0.004426
1555.png,0.00427
1556.png,0.004188
1557.png,-0.00185
1558.png,0.004056
1559.png,0.004262
1560.png,0.004231
1561.png,0.004273
1562.png,0.004222
1563.png,0.004611
1564.png,0.00359
1565.png,0.003683
1566.png,0.003458
1567.png,0.003408
1568.png,-0.001042
1569.png,0.003513
1570.png,0.003564
1571.png,0.003606
1572.png,0.003238
1573.png,0.002882
1574.png,0.003206
1575.png,0.002746
1576.png,0.002884
1577.png,0.002663
1578.png,0.002684
1579.png,-0.001198
1580.png,0.002562
1581.png,0.002568
1582.png,0.002421
1583.png,0.002323
1584.png,0.002235
1585.png,0.002318
1586.png,0.002288
1587.png,0.002179
1588.png,0.001948
1589.png,0.00181
1590.png,-0.002203
1591.png,0.001322
1592.png,0.001786
1593.png,0.001433
1594.png,0.001607
1595.png,0.001536
1596.png,0.001306
1597.png,0.001268
1598.png,0.001079
1599.png,0.000959
1600.png,0.001255
1601.png,-0.001267
1602.png,-0.001674
1603.png,0.000885
1604.png,-0.001324
1605.png,-0.00021
1606.png,-0.001674
1607.png,-0.002555
1608.png,-0.001062
1609.png,-0.000805
1610.png,-0.00185
1611.png,-0.000951
1612.png,-0.000943
1613.png,-0.000847
1614.png,-0.000926
1615.png,-0.000511
1616.png,-0.000754
1617.png,-0.000762
1618.png,-0.002026
1619.png,-0.000387
1620.png,-0.00069
1621.png,-0.000933
1622.png,-0.000683
1623.png,-0.000352
1624.png,-0.001033
1625.png,-0.000596
1626.png,-0.000543
1627.png,-0.000552
1628.png,-0.000317
1629.png,-0.000436
1630.png,-0.000073
1631.png,-0.000082
1632.png,-0.002026
1633.png,-0.001145
1634.png,-0.000072
1635.png,-0.000805
1636.png,-0.000124
1637.png,-0.000196
1638.png,-0.000044
1639.png,-0.000159
1640.png,-0.000068
1641.png,-0.001674
1642.png,-0.001674
1643.png,-0.000014
1644.png,-0.000074
1645.png,-0.000195
1646.png,-0.00185
1647.png,-0.00185
1648.png,-0.001498
1649.png,-0.000969
1650.png,-0.000969
1651.png,-0.000969
1652.png,-0.000969
1653.png,-0.000969
1654.png,-0.000969
1655.png,-0.000969
1656.png,-0.000969
1657.png,-0.001498
1658.png,-0.000264
1659.png,-0.000617
1660.png,-0.000793
1661.png,-0.000969
1662.png,-0.000969
1663.png,-0.000793
1664.png,-0.000617
1665.png,-0.000617
1666.png,-0.000617
1667.png,-0.000617
1668.png,-0.001674
1669.png,-0.000617
1670.png,-0.000617
1671.png,-0.000617
1672.png,-0.000617
1673.png,-0.000264
1674.png,-0.000441
1675.png,-0.000088
1676.png,-0.000441
1677.png,-0.000441
1678.png,-0.000088
1679.png,0.000094
1680.png,0.000847
1681.png,0.000101
1682.png,0.000391
1683.png,0.00009
1684.png,0.000656
1685.png,0.000757
1686.png,0.000505
1687.png,0.000401
1688.png,0.000379
1689.png,0.000693
1690.png,0.000332
1691.png,0.00005
1692.png,0.000575
1693.png,0.000325
1694.png,0.001175
1695.png,0.00039
1696.png,0.000549
1697.png,0.000022
1698.png,0.002118
1699.png,0.000329
1700.png,0.003034
1701.png,0.000331
1702.png,0.000242
1703.png,0.000073
1704.png,0.000471
1705.png,0.000505
1706.png,0.000153
1707.png,-0.002125
1708.png,0.000479
1709.png,0.00061
1710.png,0.000077
1711.png,0.000695
1712.png,0.001033
1713.png,0.000063
1714.png,0.001033
1715.png,0.001352
1716.png,0.001012
1717.png,0.000086
1718.png,0.000054
1719.png,0.000492
1720.png,0.000473
1721.png,0.000168
1722.png,0.000449
1723.png,0.000305
1724.png,-0.000017
1725.png,0.000172
1726.png,0.000119
1727.png,0.000265
1728.png,0.000984
1729.png,-0.002727
1730.png,0.000252
1731.png,0.000709
1732.png,-0.002553
1733.png,0.000557
1734.png,0.000039
1735.png,-0.000024
1736.png,0.001142
1737.png,0.001552
1738.png,0.001201
1739.png,0.00138
1740.png,0.001463
1741.png,0.001361
1742.png,0.000766
1743.png,0.000713
1744.png,0.001256
1745.png,0.001462
1746.png,0.00002
1747.png,0.002016
1748.png,0.001094
1749.png,0.000763
1750.png,0.000802
1751.png,0.001319
1752.png,0.001367
1753.png,0.001517
1754.png,0.001498
1755.png,0.000899
1756.png,0.001324
1757.png,0.000155
1758.png,0.001574
1759.png,0.001304
1760.png,0.002068
1761.png,0.001773
1762.png,0.001403
1763.png,0.000382
1764.png,0.000163
1765.png,0.00076
1766.png,0.00044
1767.png,0.000541
1768.png,0.000048
1769.png,0.000014
1770.png,0.000475
1771.png,0.000328
1772.png,0.000617
1773.png,0.000562
1774.png,0.000033
1775.png,0.000514
1776.png,0.00022
1777.png,0.000227
1778.png,0.000096
1779.png,-0.000121
1780.png,0.000244
1781.png,0.000804
1782.png,0.000463
1783.png,0.000195
1784.png,0.000561
1785.png,0.000177
1786.png,0.000089
1787.png,0.000734
1788.png,0.000078
1789.png,0.00042
1790.png,-0.000058
1791.png,-0.00026
1792.png,0.000058
1793.png,0.001052
1794.png,0.000312
1795.png,0.000568
1796.png,0.000185
1797.png,0.001914
1798.png,0.000501
1799.png,0.001036
1800.png,0.000705
1801.png,0.000123
1802.png,-0.000213
1803.png,0.00022
1804.png,0.000211
1805.png,0.000775
1806.png,0.000361
1807.png,0.000271
1808.png,-0.001066
1809.png,0.000088
1810.png,0.00217
1811.png,0.000088
1812.png,0.000088
1813.png,-0.001013
1814.png,0.000088
1815.png,-0.000198
1816.png,-0.000332
1817.png,-0.000562
1818.png,-0.000493
1819.png,-0.00076
1820.png,-0.000249
1821.png,-0.000337
1822.png,0.000088
1823.png,-0.000053
1824.png,-0.000337
1825.png,-0.000223
1826.png,-0.00027
1827.png,-0.019471
1828.png,-0.00088
1829.png,-0.019824
1830.png,-0.018943
1831.png,-0.019824
1832.png,-0.019824
1833.png,-0.000175
1834.png,-0.019471
1835.png,-0.018943
1836.png,-0.019295
1837.png,-0.019295
1838.png,-0.018943
1839.png,-0.019295
1840.png,-0.019471
1841.png,-0.019119
1842.png,-0.000217
1843.png,-0.019295
1844.png,-0.018767
1845.png,-0.021335
1846.png,-0.018414
1847.png,-0.01872
1848.png,-0.017322
1849.png,-0.016384
1850.png,-0.014446
1851.png,-0.013511
1852.png,-0.012454
1853.png,-0.000106
1854.png,-0.011633
1855.png,-0.010775
1856.png,-0.009936
1857.png,-0.009094
1858.png,-0.008265
1859.png,-0.00955
1860.png,-0.007313
1861.png,-0.006484
1862.png,-0.006297
1863.png,-0.005231
1864.png,-0.000472
1865.png,-0.004754
1866.png,-0.00439
1867.png,-0.004043
1868.png,-0.003516
1869.png,-0.00389
1870.png,-0.002764
1871.png,-0.002267
1872.png,-0.00245
1873.png,-0.001767
1874.png,-0.001535
1875.png,-0.000292
1876.png,-0.001206
1877.png,-0.001184
1878.png,-0.001008
1879.png,-0.000704
1880.png,-0.000267
1881.png,-0.000702
1882.png,-0.000699
1883.png,0
1884.png,-0.000378
1885.png,0.00002
1886.png,-0.000402
1887.png,0.000502
1888.png,-0.000218
1889.png,-0.004567
1890.png,-0.00001
1891.png,0.000167
1892.png,0.000163
1893.png,0.000248
1894.png,-0.004471
1895.png,0.000334
1896.png,0.000331
1897.png,0.000131
1898.png,-0.000405
1899.png,0.000433
1900.png,0.000644
1901.png,0.000939
1902.png,0.0008
1903.png,0.001077
1904.png,0.00082
1905.png,0.000706
1906.png,0.000912
1907.png,-0.004373
1908.png,0.000966
1909.png,-0.000525
1910.png,0.001068
1911.png,0.000974
1912.png,-0.004065
1913.png,0.000722
1914.png,0.000299
1915.png,0.000512
1916.png,0.00104
1917.png,0.000356
1918.png,0.000822
1919.png,0.000259
1920.png,-0.001028
1921.png,0.00068
1922.png,0.000698
1923.png,0.000963
1924.png,0.000402
1925.png,0.000534
1926.png,0.001231
1927.png,0.000707
1928.png,0.00024
1929.png,0.000693
1930.png,-0.000152
1931.png,-0.001011
1932.png,0.000351
1933.png,-0.000135
1934.png,-0.000185
1935.png,-0.000135
1936.png,0.000337
1937.png,-0.000256
1938.png,-0.004709
1939.png,-0.004471
1940.png,-0.000235
1941.png,-0.005107
1942.png,-0.001
1943.png,-0.0001
1944.png,0.000431
1945.png,0.000359
1946.png,0.000324
1947.png,-0.000154
1948.png,-0.004181
1949.png,0.000391
1950.png,-0.00367
1951.png,-0.003519
1952.png,-0.005215
1953.png,-0.000563
1954.png,-0.00494
1955.png,-0.003292
1956.png,0.001202
1957.png,0.001267
1958.png,-0.005268
1959.png,0.001207
1960.png,-0.005607
1961.png,0.000764
1962.png,0.001314
1963.png,0.001315
1964.png,-0.000678
1965.png,0.001298
1966.png,0.001516
1967.png,0.001009
1968.png,0.001381
1969.png,0.001624
1970.png,0.001182
1971.png,0.00141
1972.png,0.001779
1973.png,0.001095
1974.png,-0.001575
1975.png,-0.0005
1976.png,0.001592
1977.png,0.001487
1978.png,0.00136
1979.png,0.001653
1980.png,0.001334
1981.png,0.001386
1982.png,0.001438
1983.png,0.001283
1984.png,0.001444
1985.png,0.001657
1986.png,-0.000793
1987.png,0.001511
1988.png,0.00162
1989.png,0.001498
1990.png,0.001201
1991.png,0.001459
1992.png,0.001329
1993.png,0.000969
1994.png,0.000969
1995.png,0.000969
1996.png,0.000793
1997.png,-0.000451
1998.png,0.001145
1999.png,0.000617
2000.png,0.000617
2001.png,0.000617
2002.png,0.000617
2003.png,0.000617
2004.png,0.000617
2005.png,0.000617
2006.png,0.000617
2007.png,0.000617
2008.png,0.000617
2009.png,0.000264
2010.png,0.000897
2011.png,-0.000088
2012.png,0.000088
2013.png,0.000088
2014.png,0.000088
2015.png,0.000088
2016.png,0.000088
2017.png,0.000088
2018.png,0.000088
2019.png,0.000088
2020.png,0.000088
2021.png,0.000088
2022.png,0.000088
2023.png,0.000088
2024.png,0.000088
2025.png,0.000264
2026.png,-0.000793
2027.png,-0.000264
2028.png,-0.000264
2029.png,-0.000793
2030.png,-0.000793
2031.png,-0.000793
2032.png,-0.000793
2033.png,-0.000793
2034.png,-0.000793
2035.png,-0.000793
2036.png,-0.000793
2037.png,-0.000793
2038.png,-0.000441
2039.png,-0.000441
2040.png,-0.000441
2041.png,-0.000441
2042.png,-0.000441
2043.png,-0.000617
2044.png,-0.000617
2045.png,-0.000617
2046.png,0.000211
2047.png,-0.000617
2048.png,-0.000617
2049.png,0.000139
2050.png,-0.000617
2051.png,-0.000617
2052.png,-0.000617
2053.png,-0.000617
2054.png,-0.000617
2055.png,-0.000617
2056.png,0.000088
2057.png,0.000088
2058.png,0.000287
2059.png,0.000088
2060.png,0.000088
2061.png,0.000441
2062.png,0.001034
2063.png,0.000441
2064.png,0.000441
2065.png,0.000441
2066.png,0.000441
2067.png,0.000441
2068.png,0.00079
2069.png,0.000441
2070.png,0.000441
2071.png,0.000441
2072.png,0.000441
2073.png,0.000441
2074.png,0.000441
2075.png,0.000441
2076.png,0.000441
2077.png,0.000441
2078.png,0.000441
2079.png,0.000441
2080.png,0.000441
2081.png,0.000441
2082.png,0.000441
2083.png,0.000441
2084.png,0.000441
2085.png,0.000441
2086.png,0.000441
2087.png,0.000441
2088.png,0.000441
2089.png,0.000441
2090.png,0.000441
2091.png,0.000441
2092.png,0.000441
2093.png,0.000441
2094.png,0.000441
2095.png,0.000441
2096.png,0.000441
2097.png,0.000441
2098.png,0.000441
2099.png,0.000441
2100.png,0.000441
2101.png,0.000441
2102.png,0.000441
2103.png,0.000441
2104.png,0.000441
2105.png,-0.005044
2106.png,0.000445
2107.png,0.000289
2108.png,0.000575
2109.png,0.000886
2110.png,0.000887
2111.png,0.000716
2112.png,0.000783
2113.png,0.000688
2114.png,0.000958
2115.png,-0.004331
2116.png,0.000965
2117.png,0.001336
2118.png,0.000024
2119.png,0.00067
2120.png,0.00099
2121.png,0.001013
2122.png,0.001201
2123.png,0.00134
2124.png,0.001334
2125.png,0.001314
2126.png,0.001245
2127.png,0.001386
2128.png,0.00139
2129.png,0.001253
2130.png,-0.000176
2131.png,0.001267
2132.png,0.001251
2133.png,0.001135
2134.png,0.001262
2135.png,0.001655
2136.png,0.006562
2137.png,0.006804
2138.png,0.001016
2139.png,-0.006148
2140.png,-0.006264
2141.png,-0.000098
2142.png,-0.00013
2143.png,0.000968
2144.png,0.000761
2145.png,0.006856
2146.png,0.006603
2147.png,0.006833
2148.png,0.000722
2149.png,0.000594
2150.png,0.000093
2151.png,0.000641
2152.png,-0.000024
2153.png,-0.000143
2154.png,-0.000049
2155.png,-0.006723
2156.png,-0.000333
2157.png,0.000602
2158.png,0.000608
2159.png,0.000418
2160.png,0.000753
2161.png,0.00077
2162.png,0.000368
2163.png,-0.00001
2164.png,0.000709
2165.png,0.00072
2166.png,-0.000808
2167.png,0.000499
2168.png,0.000142
2169.png,0.000271
2170.png,0.000295
2171.png,0.000357
2172.png,-0.000585
2173.png,0.000263
2174.png,0
2175.png,0.000183
2176.png,0.000342
2177.png,0.000228
2178.png,-0.000328
2179.png,0.000151
2180.png,-0.00058
2181.png,0.000209
2182.png,0.00033
2183.png,0.00035
2184.png,0.000603
2185.png,0
2186.png,0.000057
2187.png,-0.000047
2188.png,-0.000097
2189.png,-0.000071
2190.png,0.000054
2191.png,0.000304
2192.png,0.000237
2193.png,0.000088
2194.png,0.000298
2195.png,0.000472
2196.png,0.000216
2197.png,0.000603
2198.png,0.000559
2199.png,0.000713
2200.png,0.000564
2201.png,0.000737
2202.png,0.001066
2203.png,0.001157
2204.png,0.001303
2205.png,0.001173
2206.png,0.001281
2207.png,0.000213
2208.png,0.001247
2209.png,0.001423
2210.png,0.00175
2211.png,0.001478
2212.png,0.001682
2213.png,0.001453
2214.png,0.001657
2215.png,0.001613
2216.png,0.000088
2217.png,0
2218.png,0.000088
2219.png,0.000088
2220.png,0.000088
2221.png,0.000088
2222.png,0.008917
2223.png,0.000297
2224.png,0.000348
2225.png,0.000412
2226.png,0.00035
2227.png,0.00041
2228.png,0.000088
2229.png,0.000272
2230.png,0.000088
2231.png,0.000475
2232.png,0.000088
2233.png,-0.019295
2234.png,0.000088
2235.png,0.000088
2236.png,0.000088
2237.png,0.000088
2238.png,0.000088
2239.png,0.000296
2240.png,0.000088
2241.png,0.000088
2242.png,0.000088
2243.png,0.000088
2244.png,0.000088
2245.png,0.000088
2246.png,0.000088
2247.png,0.000088
2248.png,0.000088
2249.png,0.000088
2250.png,0.000293
2251.png,0.000088
2252.png,0.000088
2253.png,0.000088
2254.png,0.000088
2255.png,0.000088
2256.png,0.000088
2257.png,0.000088
2258.png,0.000088
2259.png,0.000088
2260.png,0.000088
2261.png,0.00024
2262.png,0.000088
2263.png,0.000088
2264.png,0.000088
2265.png,0.000088
2266.png,0.000088
2267.png,0.000088
2268.png,-0.013883
2269.png,0.012021
2270.png,0.000088
2271.png,0.000088
2272.png,0.000141
2273.png,0.000299
2274.png,0.000088
2275.png,0.000088
2276.png,0.000088
2277.png,0.000088
2278.png,0.000088
2279.png,0.000088
2280.png,0.000088
2281.png,0.000088
2282.png,0.000088
2283.png,0.000088
2284.png,0.000324
2285.png,0.000262
2286.png,0.000088
2287.png,0.000088
2288.png,0.000254
2289.png,0.000088
2290.png,0.000088
2291.png,0.000088
2292.png,0.000088
2293.png,0.000088
2294.png,0.000088
2295.png,0.000088
2296.png,0.000088
2297.png,0.000088
2298.png,0.000088
2299.png,0.000251
2300.png,0.000088
2301.png,0.000088
2302.png,0.000088
2303.png,0.000088
2304.png,0.000088
2305.png,0.000088
2306.png,0.000088
2307.png,0.000088
2308.png,0.000507
2309.png,0.000423
2310.png,0.000448
2311.png,0.000499
2312.png,0.00027
2313.png,0.000105
2314.png,-0.000523
2315.png,0.000088
2316.png,0.00044
2317.png,0.000088
2318.png,0.000088
2319.png,0.000088
2320.png,0.000197
2321.png,0.000088
2322.png,-0.000768
2323.png,-0.00035
2324.png,0.000161
2325.png,0.001108
2326.png,0.000494
2327.png,0.000035
2328.png,0.000937
2329.png,0.000088
2330.png,0.002555
2331.png,-0.000088
2332.png,0.00002
2333.png,0.000088
2334.png,0.000088
2335.png,-0.000456
2336.png,0.000088
2337.png,0.000088
2338.png,0.000088
2339.png,0.000088
2340.png,0.000088
2341.png,0.000088
2342.png,-0.001498
2343.png,-0.000969
2344.png,-0.000793
2345.png,0.000088
2346.png,-0.003338
2347.png,0.000088
2348.png,0.000088
2349.png,0.000088
2350.png,0.000088
2351.png,-0.000312
2352.png,0.000088
2353.png,0.000088
2354.png,0.000088
2355.png,0.000088
2356.png,-0.002203
2357.png,-0.001498
2358.png,-0.00185
2359.png,-0.001674
2360.png,-0.001674
2361.png,-0.00185
2362.png,-0.001674
2363.png,-0.00185
2364.png,-0.00185
2365.png,-0.002026
2366.png,-0.002026
2367.png,-0.002203
2368.png,-0.002379
2369.png,-0.002203
2370.png,-0.002203
2371.png,-0.002379
2372.png,-0.002379
2373.png,-0.002379
2374.png,-0.00185
2375.png,-0.002379
2376.png,-0.002026
2377.png,-0.00185
2378.png,-0.00185
2379.png,-0.002026
2380.png,-0.002026
2381.png,-0.002026
2382.png,-0.001674
2383.png,-0.001322
2384.png,-0.002731
2385.png,-0.002379
2386.png,-0.002379
2387.png,-0.002026
2388.png,-0.00185
2389.png,-0.00185
2390.png,-0.00185
2391.png,-0.001674
2392.png,-0.001674
2393.png,-0.001498
2394.png,-0.001322
2395.png,-0.001498
2396.png,-0.001498
2397.png,-0.001322
2398.png,-0.000969
2399.png,-0.001322
2400.png,-0.001145
2401.png,-0.001145
2402.png,-0.001145
2403.png,-0.000969
2404.png,-0.000793
2405.png,-0.000441
2406.png,-0.000793
2407.png,-0.001322
2408.png,-0.000617
2409.png,-0.000793
2410.png,-0.000793
2411.png,-0.000793
2412.png,-0.000969
2413.png,-0.000969
2414.png,-0.000969
2415.png,-0.000617
2416.png,0.000441
2417.png,0.000088
2418.png,-0.000617
2419.png,-0.000969
2420.png,-0.000441
2421.png,0.000793
2422.png,0.001322
2423.png,0.001322
2424.png,0.001498
2425.png,0.001674
2426.png,0.001498
2427.png,0.001322
2428.png,0.001322
2429.png,0.001498
2430.png,0.001674
2431.png,0.001674
2432.png,0.001322
2433.png,0.001498
2434.png,0.001674
2435.png,0.00185
2436.png,0.002203
2437.png,0.002026
2438.png,0.002203
2439.png,0.001322
2440.png,0.001674
2441.png,0.002555
2442.png,0.003084
2443.png,0.00326
2444.png,0.00326
2445.png,0.00326
2446.png,0.00467
2447.png,0.004141
2448.png,0.004493
2449.png,0.004846
2450.png,0.005374
2451.png,0.005198
2452.png,0.005727
2453.png,0.006784
2454.png,0.007137
2455.png,0.007137
2456.png,0.007137
2457.png,0.00696
2458.png,0.008722
2459.png,0.010837
2460.png,0.011013
2461.png,0.011718
2462.png,0.011894
2463.png,0.012599
2464.png,0.012952
2465.png,0.013128
2466.png,0.015595
2467.png,0.017709
2468.png,0.017885
2469.png,-0.019648
2470.png,-0.018943
2471.png,-0.020757
2472.png,-0.020215
2473.png,-0.019044
2474.png,-0.01928
2475.png,-0.015224
2476.png,-0.018414
2477.png,-0.019648
2478.png,-0.018767
2479.png,-0.018062
2480.png,-0.017357
2481.png,-0.01859
2482.png,-0.017885
2483.png,-0.017004
2484.png,-0.016652
2485.png,-0.017709
2486.png,-0.016652
2487.png,-0.016652
2488.png,-0.015947
2489.png,-0.016476
2490.png,-0.016652
2491.png,-0.016476
2492.png,-0.016123
2493.png,-0.015595
2494.png,-0.016123
2495.png,-0.015419
2496.png,-0.014537
2497.png,-0.013304
2498.png,-0.014361
2499.png,-0.014185
2500.png,-0.014714
2501.png,-0.013656
2502.png,-0.013656
2503.png,-0.013656
2504.png,-0.013656
2505.png,-0.01489
2506.png,-0.014185
2507.png,-0.014009
2508.png,-0.014537
2509.png,-0.013656
2510.png,-0.013833
2511.png,-0.012952
2512.png,-0.012952
2513.png,-0.012952
2514.png,-0.013128
2515.png,-0.012599
2516.png,-0.011894
2517.png,-0.011718
2518.png,-0.011189
2519.png,-0.010837
2520.png,-0.012247
2521.png,-0.010485
2522.png,-0.010308
2523.png,-0.00978
2524.png,-0.009427
2525.png,-0.00978
2526.png,-0.009075
2527.png,-0.009427
2528.png,-0.008899
2529.png,-0.008899
2530.png,-0.007841
2531.png,-0.008546
2532.png,-0.007313
2533.png,-0.007313
2534.png,-0.00696
2535.png,-0.007313
2536.png,-0.006784
2537.png,-0.006608
2538.png,-0.006079
2539.png,-0.005374
2540.png,-0.005022
2541.png,-0.004846
2542.png,-0.004493
2543.png,-0.00467
2544.png,-0.003965
2545.png,-0.00326
2546.png,-0.003084
2547.png,-0.002907
2548.png,-0.002731
2549.png,-0.002379
2550.png,-0.00215
2551.png,-0.001989
2552.png,-0.001729
2553.png,-0.001769
2554.png,-0.001226
2555.png,-0.001636
2556.png,-0.001083
2557.png,-0.000664
2558.png,-0.000648
2559.png,-0.000304
2560.png,-0.0001
2561.png,-0.000135
2562.png,0.000423
2563.png,0.000468
2564.png,0.000474
2565.png,0.000775
2566.png,0.001223
2567.png,0.001184
2568.png,0.001214
2569.png,0.001511
2570.png,0.001823
2571.png,0.001843
2572.png,0.001723
2573.png,0.002124
2574.png,0.001739
2575.png,0.001343
2576.png,0.002302
2577.png,0.002066
2578.png,0.002082
2579.png,0.002166
2580.png,0.002907
2581.png,0.002147
2582.png,0.002689
2583.png,0.002433
2584.png,0.002757
2585.png,0.002225
2586.png,0.002635
2587.png,0.003109
2588.png,0.002847
2589.png,0.003422
2590.png,0.003239
2591.png,0.002938
2592.png,0.003039
2593.png,0.003249
2594.png,0.003344
2595.png,0.003459
2596.png,0.003084
2597.png,0.003612
2598.png,0.003293
2599.png,0.003498
2600.png,0.003178
2601.png,0.002731
2602.png,0.00371
2603.png,0.003612
2604.png,0.003436
2605.png,0.003084
2606.png,0.003084
2607.png,0.003084
2608.png,0.003084
2609.png,0.003084
2610.png,0.00326
2611.png,0.00326
2612.png,0.002907
2613.png,0.004271
2614.png,0.003419
2615.png,0.003084
2616.png,0.003278
2617.png,0.00359
2618.png,0.003347
2619.png,0.003654
2620.png,0.002987
2621.png,0.003371
2622.png,0.002865
2623.png,0.003202
2624.png,0.002555
2625.png,0.002731
2626.png,0.002907
2627.png,0.002379
2628.png,0.002379
2629.png,0.002379
2630.png,0.000441
2631.png,0.002203
2632.png,0.002379
2633.png,0.002026
2634.png,0.002203
2635.png,0.002203
2636.png,0.002203
2637.png,0.001674
2638.png,0.002203
2639.png,0.000969
2640.png,0.001674
2641.png,0.000088
2642.png,0.000088
2643.png,0.000088
2644.png,0.000088
2645.png,0.000088
2646.png,0.001756
2647.png,0.000652
2648.png,0.000787
2649.png,0.000088
2650.png,0.000969
2651.png,0.000441
2652.png,0.000793
2653.png,0.001359
2654.png,0.000441
2655.png,-0.000088
2656.png,0.000088
2657.png,0.000088
2658.png,0.000088
2659.png,0.000088
2660.png,0.000088
2661.png,0.000088
2662.png,0.000088
2663.png,-0.000658
2664.png,0.000088
2665.png,0.000088
2666.png,0.000088
2667.png,0.000088
2668.png,0.000088
2669.png,0.000088
2670.png,-0.00114
2671.png,-0.00141
2672.png,-0.002646
2673.png,-0.000573
2674.png,-0.000569
2675.png,-0.000507
2676.png,0.000048
2677.png,0.0002
2678.png,0.000433
2679.png,0.000334
2680.png,0.000182
2681.png,0.000864
2682.png,0.000828
2683.png,-0.002817
2684.png,0.000929
2685.png,0.001114
2686.png,0.001057
2687.png,0.001214
2688.png,0.001591
2689.png,0.001538
2690.png,0.001698
2691.png,0.001741
2692.png,0.001819
2693.png,0.001612
2694.png,-0.002944
2695.png,0.00162
2696.png,0.00223
2697.png,0.002129
2698.png,0.0023
2699.png,0.002477
2700.png,0.002662
2701.png,0.002673
2702.png,0.002632
2703.png,0.002896
2704.png,0.002763
2705.png,-0.003
2706.png,0.002856
2707.png,0.003197
2708.png,0.003335
2709.png,0.003211
2710.png,0.003211
2711.png,0.003168
2712.png,0.00344
2713.png,0.003208
2714.png,0.003215
2715.png,0.003429
2716.png,-0.003434
2717.png,0.003417
2718.png,0.003481
2719.png,0.003427
2720.png,0.003644
2721.png,0.003364
2722.png,0.003483
2723.png,0.003769
2724.png,0.003767
2725.png,0.003628
2726.png,0.003623
2727.png,-0.003607
2728.png,0.003614
2729.png,0.001837
2730.png,0.003498
2731.png,0.003665
2732.png,0.003451
2733.png,0.003657
2734.png,0.003549
2735.png,0.003662
2736.png,0.003765
2737.png,0.003681
2738.png,-0.003559
2739.png,0.003823
2740.png,0.00364
2741.png,0.003758
2742.png,0.003692
2743.png,0.00334
2744.png,0.003562
2745.png,0.003804
2746.png,0.003622
2747.png,0.003812
2748.png,0.003887
2749.png,-0.003856
2750.png,0.004164
2751.png,0.003817
2752.png,0.003993
2753.png,0.003799
2754.png,0.00092
2755.png,0.003879
2756.png,0.004125
2757.png,0.004241
2758.png,0.00402
2759.png,0.003994
2760.png,-0.003825
2761.png,0.004259
2762.png,0.004285
2763.png,-0.007241
2764.png,0.000088
2765.png,0.000088
2766.png,0.000088
2767.png,0.000088
2768.png,0.000088
2769.png,0.000088
2770.png,0.000088
2771.png,-0.003882
2772.png,0.000088
2773.png,0.000088
2774.png,0.000088
2775.png,0.000088
2776.png,-0.018943
2777.png,-0.019824
2778.png,-0.01859
2779.png,-0.019295
2780.png,-0.01859
2781.png,-0.019471
2782.png,-0.001324
2783.png,-0.004251
2784.png,-0.019295
2785.png,-0.019119
2786.png,-0.019648
2787.png,-0.019119
2788.png,-0.019295
2789.png,-0.019471
2790.png,-0.019119
2791.png,-0.01859
2792.png,-0.019471
2793.png,-0.019648
2794.png,-0.004192
2795.png,-0.017885
2796.png,-0.019119
2797.png,-0.01859
2798.png,-0.01859
2799.png,-0.019648
2800.png,-0.018414
2801.png,-0.017709
2802.png,-0.018943
2803.png,-0.018943
2804.png,-0.019648
2805.png,-0.004346
2806.png,-0.018238
2807.png,-0.018767
2808.png,-0.019119
2809.png,-0.017709
2810.png,-0.018767
2811.png,-0.018767
2812.png,-0.019295
2813.png,-0.018943
2814.png,-0.019648
2815.png,-0.018238
2816.png,-0.004248
2817.png,-0.018414
2818.png,-0.018414
2819.png,-0.019119
2820.png,-0.01859
2821.png,-0.019471
2822.png,-0.018767
2823.png,-0.018943
2824.png,-0.018943
2825.png,-0.004539
2826.png,-0.019471
2827.png,-0.019119
2828.png,-0.018943
2829.png,-0.01859
2830.png,-0.018767
2831.png,-0.018943
2832.png,-0.019471
2833.png,-0.004634
2834.png,-0.020202
2835.png,-0.020387
2836.png,-0.019259
2837.png,-0.020253
2838.png,-0.019471
2839.png,-0.01859
2840.png,-0.016828
2841.png,-0.017181
2842.png,-0.017181
2843.png,-0.00468
2844.png,-0.018414
2845.png,-0.016652
2846.png,-0.0163
2847.png,-0.015947
2848.png,-0.015595
2849.png,-0.015771
2850.png,-0.015066
2851.png,-0.014537
2852.png,-0.013833
2853.png,-0.014009
2854.png,-0.004641
2855.png,-0.013304
2856.png,-0.012599
2857.png,-0.012599
2858.png,-0.012775
2859.png,-0.011366
2860.png,-0.011894
2861.png,-0.011366
2862.png,-0.011013
2863.png,-0.010308
2864.png,-0.010132
2865.png,-0.005036
2866.png,-0.009251
2867.png,-0.00837
2868.png,-0.00837
2869.png,-0.00837
2870.png,-0.008018
2871.png,-0.007489
2872.png,-0.006784
2873.png,-0.00696
2874.png,-0.006432
2875.png,-0.005076
2876.png,-0.006784
2877.png,-0.006432
2878.png,-0.005374
2879.png,-0.005903
2880.png,-0.005022
2881.png,-0.005198
2882.png,-0.00467
2883.png,-0.00467
2884.png,-0.00467
2885.png,-0.00467
2886.png,-0.001498
2887.png,-0.005289
2888.png,-0.004493
2889.png,-0.004317
2890.png,-0.003789
2891.png,-0.004317
2892.png,-0.004493
2893.png,-0.003965
2894.png,-0.003965
2895.png,-0.003965
2896.png,-0.004141
2897.png,-0.003789
2898.png,-0.005022
2899.png,-0.003965
2900.png,-0.003612
2901.png,-0.003612
2902.png,-0.003965
2903.png,-0.003789
2904.png,-0.003436
2905.png,-0.003318
2906.png,-0.003446
2907.png,-0.003446
2908.png,-0.00331
2909.png,-0.00543
2910.png,-0.003371
2911.png,-0.003507
2912.png,-0.003328
2913.png,-0.003425
2914.png,-0.003254
2915.png,-0.003281
2916.png,-0.003102
2917.png,-0.00321
2918.png,-0.003233
2919.png,-0.003167
2920.png,-0.005533
2921.png,-0.003965
2922.png,-0.003096
2923.png,-0.00322
2924.png,-0.003063
2925.png,-0.003173
2926.png,-0.003203
2927.png,-0.00326
2928.png,-0.00326
2929.png,-0.00326
2930.png,-0.00326
2931.png,-0.004846
2932.png,-0.002931
2933.png,-0.002959
2934.png,-0.002976
2935.png,-0.002868
2936.png,-0.002799
2937.png,-0.002702
2938.png,-0.002508
2939.png,-0.002588
2940.png,-0.002629
2941.png,-0.002519
2942.png,-0.006044
2943.png,-0.002701
2944.png,-0.002372
2945.png,-0.002977
2946.png,-0.0028
2947.png,-0.002602
2948.png,-0.002934
2949.png,-0.002934
2950.png,-0.002783
2951.png,-0.002846
2952.png,-0.002587
2953.png,-0.005792
2954.png,-0.002731
2955.png,-0.00584
2956.png,-0.006073
2957.png,-0.006022
2958.png,-0.001396
2959.png,-0.0066
2960.png,-0.006577
2961.png,-0.006321
2962.png,-0.005833
2963.png,-0.006098
2964.png,-0.005897
2965.png,-0.006529
2966.png,-0.006579
2967.png,-0.006182
2968.png,-0.006417
2969.png,-0.001711
2970.png,-0.006089
2971.png,-0.00609
2972.png,-0.006138
2973.png,-0.006268
2974.png,-0.005927
2975.png,-0.006127
2976.png,-0.006245
2977.png,-0.005909
2978.png,-0.006062
2979.png,-0.005615
2980.png,-0.002023
2981.png,-0.006016
2982.png,-0.006016
2983.png,-0.005701
2984.png,-0.006608
2985.png,-0.006432
2986.png,-0.004992
2987.png,-0.005118
2988.png,-0.005113
2989.png,-0.005087
2990.png,-0.004639
2991.png,-0.00195
2992.png,-0.00476
2993.png,-0.004874
2994.png,-0.004583
2995.png,-0.004275
2996.png,-0.004007
2997.png,-0.00411
2998.png,-0.003797
2999.png,-0.003714
3000.png,-0.00365
3001.png,-0.003566
3002.png,-0.002113
3003.png,-0.003491
3004.png,-0.003224
3005.png,-0.003089
3006.png,-0.003154
3007.png,-0.003092
3008.png,-0.002652
3009.png,-0.002797
3010.png,-0.002506
3011.png,-0.00233
3012.png,-0.002246
3013.png,-0.002291
3014.png,-0.00172
3015.png,-0.001764
3016.png,-0.001797
3017.png,-0.001263
3018.png,-0.001154
3019.png,-0.001168
3020.png,-0.001267
3021.png,-0.000761
3022.png,-0.000541
3023.png,-0.000426